Date,Price,Open,High,Low,Vol.,Change %
2019-11-07,42.8,44.71,44.71,42.59,-,-4.27%
2019-11-06,44.71,42.45,46.58,42.45,-,5.32%
2019-11-05,42.45,42.74,49.28,40.73,-,-0.68%
2019-11-04,42.74,44.64,45.4,40.15,-,-4.26%
2019-11-01,44.64,45.09,52.05,39.04,-,-1.00%
2019-10-31,45.09,42.35,46.6,42.35,-,6.47%
2019-10-30,42.35,49.96,49.96,40.26,-,-15.23%
2019-10-29,49.96,43.5,51.04,42.78,-,14.59%
2019-10-28,43.6,44.1,49.29,42.15,-,-1.13%
2019-10-25,44.1,44.95,46.92,41.87,-,-1.89%
2019-10-24,44.95,46.53,46.88,43.63,-,-3.40%
2019-10-23,46.53,45.68,46.83,43.7,-,1.86%
2019-10-22,45.68,44.68,48.01,42.85,-,2.51%
2019-10-21,44.56,46.17,46.38,43.09,-,-3.49%
2019-10-18,46.17,43.35,52.04,43.02,-,6.51%
2019-10-17,43.35,42.96,45.06,41.03,-,0.91%
2019-10-16,42.96,39.51,45.46,39.51,-,8.73%
2019-10-15,39.51,42.84,44.28,39.51,-,-7.60%
2019-10-14,42.76,44.44,45.14,41.97,-,-3.78%
2019-10-11,44.44,45.4,46.35,39.9,-,-2.11%
2019-10-10,45.4,49.27,50.65,44.32,-,-7.85%
2019-10-09,49.27,51.04,51.04,44.03,-,-3.47%
2019-10-08,51.04,45.75,51.09,44.9,-,11.93%
2019-10-07,45.6,46.04,48.16,41.19,-,-0.89%
2019-10-04,46.01,47.28,48.84,44.8,-,-2.69%
2019-10-03,47.28,50.81,52.61,45.74,-,-6.95%
2019-10-02,50.81,47.61,51.06,47.11,-,6.72%
2019-10-01,47.61,45.96,48.22,42.97,-,3.64%
2019-09-30,45.94,46.17,48.75,44.85,-,-0.50%
2019-09-27,46.17,46.31,48.96,44.49,-,-0.30%
2019-09-26,46.31,45.03,48.59,45.03,-,2.84%
2019-09-25,45.03,46.82,48.45,44.86,-,-3.82%
2019-09-24,46.82,46.84,48.78,44.23,-,-2.44%
2019-09-23,47.99,48.33,50.18,47.86,-,-1.36%
2019-09-20,48.65,45.32,50.15,43.42,-,7.35%
2019-09-19,45.32,43.83,47.26,42,-,3.40%
2019-09-18,43.83,45.8,47.78,42.92,-,-4.30%
2019-09-17,45.8,45.8,48.82,44.79,-,0.00%
2019-09-16,45.8,43.96,47.65,43.96,-,4.19%
2019-09-13,43.96,43.35,45.75,42.05,-,1.41%
2019-09-12,43.35,43.57,46.94,38.14,-,-0.50%
2019-09-11,43.57,44.09,47.19,41.64,-,-1.18%
2019-09-10,44.09,43.16,46.7,42.76,-,2.15%
2019-09-09,43.16,45.43,45.43,41.76,-,-5.14%
2019-09-06,45.5,45.6,45.72,42.79,-,-0.22%
2019-09-05,45.6,46.97,48.93,41.75,-,-2.92%
2019-09-04,46.97,48,49.2,45.51,-,-2.15%
2019-09-03,48,51.23,51.23,41.92,-,-6.30%
2019-08-30,51.23,46.31,51.29,44.19,-,10.62%
2019-08-29,46.31,48.08,52.42,45.12,-,-3.68%
2019-08-28,48.08,49.25,51,45.28,-,-2.38%
2019-08-27,49.25,46.69,50.03,45.58,-,5.37%
2019-08-26,46.74,47.96,49.33,45.81,-,-2.54%
2019-08-23,47.96,44.88,51.15,38.41,-,6.86%
2019-08-22,44.88,45.06,46.78,42.1,-,-0.40%
2019-08-21,45.06,46.4,46.4,41.05,-,-2.72%
2019-08-20,46.32,45.26,46.69,44.31,-,2.18%
2019-08-19,45.33,45.74,49.37,43.95,-,-0.90%
2019-08-16,45.74,46.81,46.81,42.58,-,-1.87%
2019-08-15,46.61,46.38,49.18,41.45,-,0.50%
2019-08-14,46.38,41.17,48.63,41.17,-,12.25%
2019-08-13,41.32,45.21,45.21,40.33,-,-8.58%
2019-08-12,45.2,42.06,46.42,41.98,-,7.47%
2019-08-09,42.06,42.11,44.5,40.71,-,-0.14%
2019-08-08,42.12,43.72,43.72,40.56,-,-3.55%
2019-08-07,43.67,42.71,46.61,41.82,-,2.25%
2019-08-06,42.71,45.16,45.44,41.77,-,-5.43%
2019-08-05,45.16,42.64,47.16,42.43,-,5.91%
2019-08-02,42.64,42.75,43.71,39.17,-,-0.26%
2019-08-01,42.75,42.95,44.55,38.27,-,-0.47%
2019-07-31,42.95,42.01,43.23,36.24,-,2.24%
2019-07-30,42.01,39.7,42.25,39.28,-,5.82%
2019-07-29,39.7,40.02,45.47,38.54,-,-0.80%
2019-07-26,40.02,40.02,40.02,36.36,-,0.08%
2019-07-25,39.99,37.09,41.19,36.48,-,7.94%
2019-07-24,37.05,40.02,44.62,36.36,-,-7.42%
2019-07-23,40.02,40.08,40.4,38.59,-,-0.15%
2019-07-22,40.08,40.42,41.7,37.67,-,-0.84%
2019-07-19,40.42,40.75,41.9,39.74,-,-0.81%
2019-07-18,40.75,41.24,42.56,38.57,-,-1.19%
2019-07-17,41.24,38.52,41.51,38.52,-,7.06%
2019-07-16,38.52,39.3,40.08,37.34,-,-1.98%
2019-07-15,39.3,38.44,40.8,38.37,-,2.24%
2019-07-12,38.44,37.52,40.33,37.52,-,2.45%
2019-07-11,37.52,39.57,39.89,37.35,-,-5.18%
2019-07-10,39.57,38.96,41.18,36.58,-,1.57%
2019-07-09,38.96,38.84,42.64,38.18,-,0.31%
2019-07-08,38.84,37.52,40.03,37.52,-,3.66%
2019-07-05,37.47,37.85,39.88,36.87,-,-1.00%
2019-07-03,37.85,39.32,40.63,36.98,-,-3.74%
2019-07-02,39.32,39.77,40.54,37.67,-,-1.13%
2019-07-01,39.77,39.17,41.5,36.94,-,1.35%
2019-06-28,39.24,42.38,46.99,39.12,-,-7.41%
2019-06-27,42.38,42.69,45.01,41,-,-0.73%
2019-06-26,42.69,42.88,44.17,41.36,-,-0.35%
2019-06-25,42.84,42.08,45.71,41.22,-,1.81%
2019-06-24,42.08,43.68,43.69,40.92,-,-3.46%
2019-06-21,43.59,40,43.62,39.69,-,8.98%
2019-06-20,40,41.36,42.06,39.41,-,-3.29%
2019-06-19,41.36,41.38,43.28,36.51,-,-0.05%
2019-06-18,41.38,42.48,42.73,40.08,-,-2.59%
2019-06-17,42.48,42.28,42.57,40.21,-,0.47%
2019-06-14,42.28,42.06,44.34,40.67,-,0.52%
2019-06-13,42.06,43.62,43.62,41.32,-,-3.58%
2019-06-12,43.62,42.8,44.59,39.8,-,1.92%
2019-06-11,42.8,42.12,43.72,40.02,-,1.42%
2019-06-10,42.2,40.23,45.9,40.23,-,4.95%
2019-06-07,40.21,40.35,42.39,39.49,-,-0.35%
2019-06-06,40.35,41.48,44.65,39.45,-,-2.72%
2019-06-05,41.48,42.76,44.06,41.09,-,-3.02%
2019-06-04,42.77,43.64,43.96,41.57,-,-1.99%
2019-06-03,43.64,43.89,45.68,41.5,-,-0.57%
2019-05-31,43.89,43.22,45.98,42.37,-,1.55%
2019-05-30,43.22,44.65,44.67,42.27,-,-3.20%
2019-05-29,44.65,43,44.83,42.24,-,3.84%
2019-05-28,43,41.68,45.72,41.21,-,3.17%
2019-05-24,41.68,42.12,43.49,40.26,-,-1.04%
2019-05-23,42.12,38.98,43.18,38.98,-,8.06%
2019-05-22,38.98,39.6,41.77,38.89,-,-1.57%
2019-05-21,39.6,41.63,41.63,37.44,-,-4.88%
2019-05-20,41.63,41.22,42.81,40.29,-,1.12%
2019-05-17,41.17,40.6,42.94,38.51,-,1.40%
2019-05-16,40.6,42.46,42.46,39.17,-,-4.38%
2019-05-15,42.46,41.77,44.23,41.73,-,1.65%
2019-05-14,41.77,43.35,46.88,40.25,-,-3.42%
2019-05-13,43.25,41.17,45.81,41.17,-,5.05%
2019-05-10,41.17,41.43,44.31,40.29,-,-0.63%
2019-05-09,41.43,40.93,45.51,40.93,-,1.22%
2019-05-08,40.93,43.66,44.62,40.08,-,-6.02%
2019-05-07,43.55,41.95,46.49,41.95,-,3.84%
2019-05-06,41.94,40.45,44.17,40.45,-,3.68%
2019-05-03,40.45,41.82,44.93,39.85,-,-3.41%
2019-05-02,41.88,44.57,44.57,39.84,-,-6.04%
2019-05-01,44.57,43.04,45.29,37.26,-,3.55%
2019-04-30,43.04,39.89,43.27,39.89,-,7.92%
2019-04-29,39.88,40.13,42.01,39.5,-,-0.70%
2019-04-26,40.16,41.42,42.29,39.1,-,-3.04%
2019-04-25,41.42,39.01,42.42,39.01,-,0.00%
2019-04-24,41.42,40.7,42.4,40.21,-,1.77%
2019-04-23,40.7,40.76,42.14,39,-,-0.15%
2019-04-22,40.76,40.95,45.91,39.84,-,-0.46%
2019-04-18,40.95,41.22,42.41,40.13,-,-0.66%
2019-04-17,41.22,41.16,42.26,40.13,-,-0.07%
2019-04-16,41.25,40.92,41.62,39.85,-,0.81%
2019-04-15,40.92,41.55,43.84,39.88,-,-1.61%
2019-04-12,41.59,41.21,41.81,39.03,-,0.95%
2019-04-11,41.2,40.62,42.77,40.1,-,1.43%
2019-04-10,40.62,42.18,43.15,38.21,-,-3.70%
2019-04-09,42.18,40.4,43.82,40.4,-,4.41%
2019-04-08,40.4,41.37,44.51,37.51,-,-2.34%
2019-04-05,41.37,41.65,42.2,39.2,-,-0.72%
2019-04-04,41.67,43.03,49.2,41.35,-,-3.03%
2019-04-03,42.97,43.38,44.69,42.01,-,-0.95%
2019-04-02,43.38,43.43,44.99,42.46,-,-0.12%
2019-04-01,43.43,45.05,45.08,42.5,-,-3.60%
2019-03-29,45.05,45.33,45.97,41.49,-,-0.51%
2019-03-28,45.28,45.6,46.35,43.61,-,-0.57%
2019-03-27,45.54,44.42,46.38,43.63,-,2.22%
2019-03-26,44.55,45.16,46.13,41.78,-,-1.35%
2019-03-25,45.16,44.02,47.11,43.42,-,2.61%
2019-03-22,44.01,51.03,51.03,42.76,-,-13.79%
2019-03-21,51.05,44.24,51.32,42.24,-,15.37%
2019-03-20,44.25,42.29,44.41,39.48,-,4.59%
2019-03-19,42.31,43.43,47.89,41.2,-,-2.58%
2019-03-18,43.43,43.8,45.21,42.53,-,-0.44%
2019-03-15,43.62,44.9,46.9,42.48,-,-2.94%
2019-03-14,44.94,44.99,46.37,43.07,-,-0.31%
2019-03-13,45.08,44.96,46.82,43.39,-,0.51%
2019-03-12,44.85,45.26,45.85,43.39,-,-0.91%
2019-03-11,45.26,45.21,47.2,42.01,-,0.04%
2019-03-08,45.24,46.13,51.49,44.24,-,-1.84%
2019-03-07,46.09,45.15,48.77,44.43,-,2.08%
2019-03-06,45.15,44.79,47.45,43.65,-,0.80%
2019-03-05,44.79,43.82,45.36,41.74,-,2.33%
2019-03-04,43.77,43.62,46.17,42.51,-,0.39%
2019-03-01,43.6,44.24,48.55,41.74,-,-1.65%
2019-02-28,44.33,45.44,46.97,42.78,-,-2.44%
2019-02-27,45.44,45.06,47.51,44.37,-,0.80%
2019-02-26,45.08,44.33,48.21,43.53,-,1.69%
2019-02-25,44.33,44.91,45.44,42.14,-,-1.00%
2019-02-22,44.78,45.39,46.45,42.62,-,-1.32%
2019-02-21,45.38,45.94,47.19,44.08,-,-1.43%
2019-02-20,46.04,47.29,48,43.77,-,-2.64%
2019-02-19,47.29,46.38,48.55,46.38,-,1.74%
2019-02-15,46.48,48.07,50.19,45.66,-,-3.31%
2019-02-14,48.07,48.32,50.45,45.49,-,-0.52%
2019-02-13,48.32,47.13,48.87,44.93,-,2.52%
2019-02-12,47.13,48.29,50.9,45.25,-,-2.40%
2019-02-11,48.29,46.21,48.95,45.58,-,4.64%
2019-02-08,46.15,48.16,50.09,44.55,-,-4.27%
2019-02-07,48.21,48.79,50.56,47.42,-,-1.19%
2019-02-06,48.79,47.61,49.07,45.47,-,2.69%
2019-02-05,47.51,47.72,52.15,44.78,-,-0.38%
2019-02-04,47.69,47.98,49.33,46.02,-,-0.69%
2019-02-01,48.02,46.04,48.34,45.25,-,4.30%
2019-01-31,46.04,48.88,51.71,45,-,-5.81%
2019-01-30,48.88,48.33,110.82,45.8,-,1.28%
2019-01-29,48.26,48.59,50.57,47.38,-,-0.84%
2019-01-28,48.67,48.53,54.63,47.74,-,0.29%
2019-01-25,48.53,46.9,54.86,44.98,-,3.15%
2019-01-24,47.05,48.38,48.92,45.57,-,-2.75%
2019-01-23,48.38,49.69,50.78,47.68,-,-2.64%
2019-01-22,49.69,49.35,61.85,47.62,-,0.69%
2019-01-18,49.35,48.27,50.69,47.18,-,2.17%
2019-01-17,48.3,49.57,51.42,46.92,-,-2.68%
2019-01-16,49.63,47.99,52.5,45.36,-,3.59%
2019-01-15,47.91,48.52,49.02,45.56,-,-1.26%
2019-01-14,48.52,49.38,49.66,46.62,-,-1.74%
2019-01-11,49.38,47.63,50.54,45.91,-,3.67%
2019-01-10,47.63,48.18,49.89,46.39,-,-0.92%
2019-01-09,48.07,49.95,49.96,46.08,-,-3.76%
2019-01-08,49.95,48.22,50.82,47.32,-,3.59%
2019-01-07,48.22,47.86,50.97,47.23,-,0.94%
2019-01-04,47.77,50.66,50.66,45.5,-,-5.70%
2019-01-03,50.66,49.49,50.66,45.97,-,2.36%
2019-01-02,49.49,46.45,50.47,46.45,-,6.54%
2018-12-31,46.45,48.58,53.24,26.51,-,-4.66%
2018-12-28,48.72,46.93,52.92,26.97,-,3.68%
2018-12-27,46.99,48.93,49.27,22.42,-,-3.96%
2018-12-26,48.93,48.93,49.47,24.15,-,0.00%
2018-12-24,48.93,49.39,51.98,22.89,-,-0.93%
2018-12-21,49.39,49.39,52.17,22.04,-,0.00%
2018-12-20,49.39,51.95,53.31,28.96,-,-4.93%
2018-12-19,51.95,50.44,53.09,36.31,-,2.99%
2018-12-18,50.44,50.25,53.12,27,-,0.38%
2018-12-17,50.25,48.58,53.29,25.36,-,2.11%
2018-12-14,49.21,49.9,52.08,24.04,-,-1.38%
2018-12-13,49.9,50.24,53.41,26.59,-,-0.68%
2018-12-12,50.24,49.39,52.04,48.24,-,1.72%
2018-12-11,49.39,49.16,52.35,47.88,-,0.39%
2018-12-10,49.2,47.69,52.27,47.69,-,3.17%
2018-12-07,47.69,44.78,52.4,23.56,-,7.77%
2018-12-06,44.25,47.69,53.65,25.22,-,-7.21%
2018-12-04,47.69,38.35,55.22,25.25,-,24.35%
2018-12-03,38.35,43.53,47.62,36.76,-,-11.90%
2018-11-30,43.53,43.53,54.23,43.53,-,0.00%
2018-11-29,43.53,47.78,49.26,28.77,-,-8.89%
2018-11-28,47.78,48.3,49.98,28.2,-,-1.08%
2018-11-27,48.3,44.31,49.65,26.32,-,8.49%
2018-11-26,44.52,47.51,48.67,44.22,-,173.46%
2017-12-18,16.28,16.28,16.28,16.28,-,0.00%
2017-11-21,16.28,16.28,16.28,16.28,-,0.00%
2017-11-20,16.28,16.28,16.28,16.28,-,0.00%
2017-11-17,16.28,17.18,18.09,15.15,-,-5.24%
2017-11-16,17.18,23.11,23.11,16.43,-,-25.66%
2017-11-15,23.11,26.14,30.31,18.36,-,25.87%
2017-11-14,18.36,16.59,24.11,16.59,-,10.67%
2017-11-13,16.59,20.77,20.96,16.26,-,-11.33%
2017-11-10,18.71,13.5,20.01,13.5,-,38.59%
2017-11-09,13.5,18.2,22.11,13.35,-,-17.13%
2017-11-08,16.29,15.74,17.01,13.71,-,3.49%
2017-11-07,15.74,14.23,17.56,13.69,-,10.38%
2017-11-06,14.26,14.83,15.4,14.11,-,-0.83%
2017-11-03,14.38,15.51,16.65,13.84,-,-7.29%
2017-11-02,15.51,16.02,18.75,14.34,-,-4.38%
2017-11-01,16.22,13.23,16.85,11.4,-,23.53%
2017-10-31,13.13,13.06,16.26,13.06,-,0.23%
2017-10-30,13.1,14.97,18.49,12.93,-,-12.84%
2017-10-27,15.03,20.36,21.16,14.89,-,-14.99%
2017-10-26,17.68,18.36,20.7,17.2,-,-8.49%
2017-10-25,19.32,14.23,26.27,14.23,-,37.12%
2017-10-24,14.09,15.8,17.9,13.94,-,-17.41%
2017-10-23,17.06,14.62,17.15,14.62,-,16.69%
2017-10-20,14.62,14.36,15.04,13.31,-,-4.32%
2017-10-19,15.28,17.44,17.86,15.11,-,2.90%
2017-10-18,14.85,16.57,16.57,14.51,-,-10.38%
2017-10-17,16.57,15.12,16.57,14.52,-,15.07%
2017-10-16,14.4,15.62,16.33,14.4,-,-7.81%
2017-10-13,15.62,17.17,17.31,15.1,-,-9.03%
2017-10-12,17.17,16.98,17.76,16.3,-,2.75%
2017-10-11,16.71,18.09,18.47,16.08,-,-7.63%
2017-10-10,18.09,18.74,19.69,17.69,-,-2.85%
2017-10-09,18.62,17.92,20.3,17.81,-,3.50%
2017-10-06,17.99,16.35,19.65,16.35,-,11.67%
2017-10-05,16.11,18.86,19.1,16.02,-,-14.17%
2017-10-04,18.77,19.66,20.43,17.68,-,-4.91%
2017-10-03,19.74,19.56,20.32,18.39,-,0.92%
2017-10-02,19.56,21.83,22.28,19.53,-,-11.77%
2017-09-29,22.17,22.45,23.34,21.24,-,-1.25%
2017-09-28,22.45,23.28,23.36,21.83,-,-3.57%
2017-09-27,23.28,22.29,24.24,21.58,-,0.91%
2017-09-26,23.07,22.11,24.53,22.11,-,4.34%
2017-09-25,22.11,22.5,25.73,22.11,-,-1.73%
2017-09-22,22.5,22.89,23.87,22.23,-,-1.70%
2017-09-21,22.89,21.96,23.21,21.33,-,4.23%
2017-09-20,21.96,23.45,24.83,21.73,-,-6.35%
2017-09-19,23.45,23.48,24.15,22.78,-,-2.90%
2017-09-18,24.15,23.63,24.91,23.49,-,2.46%
2017-09-15,23.57,22.34,26.71,22.34,-,5.51%
2017-09-14,22.34,27.31,27.58,22.31,-,-15.41%
2017-09-13,26.41,27.92,28.08,24.27,-,-5.64%
2017-09-12,27.99,23.52,30.34,23.52,-,19.01%
2017-09-11,23.52,28.26,30.68,23.52,-,-29.52%
2017-09-08,33.37,34.33,35.75,31.15,-,4.51%
2017-09-07,31.93,35.23,35.44,31.93,-,-9.37%
2017-09-06,35.23,33.42,36.65,33.26,-,-3.77%
2017-09-05,36.61,25.01,38.85,25.01,-,46.38%
2017-09-01,25.01,31.5,32.78,24.85,-,-21.75%
2017-08-31,31.96,34.92,34.92,31.76,-,-8.37%
2017-08-30,34.88,32.93,35.73,32.92,-,6.34%
2017-08-29,32.8,35.12,41.06,32.8,-,-6.26%
2017-08-28,34.99,35.46,36.97,34.09,-,-1.13%
2017-08-25,35.39,36.73,36.73,33.71,-,-4.04%
2017-08-24,36.88,30.48,38.51,30.48,-,21.00%
2017-08-23,30.48,35.43,36.24,29.65,-,-7.19%
2017-08-22,32.84,39.48,39.48,32.78,-,-16.92%
2017-08-21,39.53,40.52,43.16,39.06,-,-7.49%
2017-08-18,42.73,36.11,43.86,36.11,-,18.33%
2017-08-17,36.11,34.19,39.65,32.66,-,10.36%
2017-08-16,32.72,33.37,33.67,30.69,-,-1.33%
2017-08-15,33.16,32.29,33.63,31.65,-,-0.66%
2017-08-14,33.38,36.03,36.19,32.94,-,-19.62%
2017-08-11,41.53,41.43,44.06,39.17,-,0.36%
2017-08-10,41.38,31.48,42.61,31.48,-,31.70%
2017-08-09,31.42,31.15,34.9,31.15,-,0.87%
2017-08-08,31.15,29.78,32.96,28.12,-,-1.70%
2017-08-07,31.69,30.33,31.75,29.05,-,4.48%
2017-08-04,30.33,29.23,30.7,28.57,-,0.23%
2017-08-03,30.26,27.45,30.51,27.45,-,10.24%
2017-08-02,27.45,25.82,29.78,25.82,-,7.02%
2017-08-01,25.65,29.73,29.82,25.48,-,-13.87%
2017-07-31,29.78,28.35,30.63,28.35,-,5.04%
2017-07-28,28.35,28.03,30.57,28.03,-,1.14%
2017-07-27,28.03,28.13,30.87,26.43,-,-0.36%
2017-07-26,28.13,27.05,28.49,26.96,-,9.63%
2017-07-25,25.66,28.99,28.99,25.54,-,-11.33%
2017-07-24,28.94,27.7,30.48,27.7,-,4.48%
2017-07-21,27.7,26.9,31.14,26.9,-,2.97%
2017-07-20,26.9,29.74,30.75,26.54,-,-9.55%
2017-07-19,29.74,31.01,31.01,28.18,-,-4.10%
2017-07-18,31.01,31.38,32.04,30.27,-,29.32%
2017-07-17,23.98,28.01,31.49,23.98,-,-14.39%
2017-07-14,28.01,33.49,33.49,27.92,-,-16.29%
2017-07-13,33.46,31.02,33.71,30.42,-,7.80%
2017-07-12,31.04,33.81,33.81,30.77,-,-8.19%
2017-07-11,33.81,34.82,36.84,33.68,-,-6.11%
2017-07-10,36.01,37.16,37.16,34.32,-,-3.17%
2017-07-07,37.19,38,38,35.32,-,-2.13%
2017-07-06,38,35.27,38.22,32.47,-,7.77%
2017-07-05,35.26,36.08,37.27,32,-,-2.27%
2017-07-03,36.08,34.34,36.52,33.79,-,5.93%
2017-06-30,34.06,35.14,36.21,33.62,-,-3.07%
2017-06-29,35.14,32.83,39.87,32.83,-,7.04%
2017-06-28,32.83,34.34,34.34,32.18,-,-4.40%
2017-06-27,34.34,34.66,35.34,32.67,-,3.84%
2017-06-26,33.07,33.12,34.72,32.73,-,-4.28%
2017-06-23,34.55,34.97,35.53,34.03,-,-2.48%
2017-06-22,35.43,35.75,36.42,34.42,-,-0.70%
2017-06-21,35.68,36.19,37.4,35.56,-,-1.41%
2017-06-20,36.19,36.5,37.88,35.99,-,0.56%
2017-06-19,35.99,36.19,37.44,35.41,-,-3.62%
2017-06-16,37.34,36.29,38.8,36.26,-,2.84%
2017-06-15,36.31,37.77,39.61,36.12,-,-3.87%
2017-06-14,37.77,37.87,39.09,36.4,-,-0.81%
2017-06-13,38.08,37.9,38.5,36.82,-,2.81%
2017-06-12,37.04,38.19,39.57,36.93,-,-3.01%
2017-06-09,38.19,38.91,40.43,37.27,-,-1.57%
2017-06-08,38.8,40.52,40.87,38.71,-,-5.06%
2017-06-07,40.87,40.89,41.87,40.19,-,-0.05%
2017-06-06,40.89,40.95,41.47,38.78,-,5.44%
2017-06-05,38.78,37.69,40.13,36.67,-,5.75%
2017-06-02,36.67,39.81,40.61,36.49,-,-10.69%
2017-06-01,41.06,39.52,41.24,38.87,-,4.64%
2017-05-31,39.24,39.61,42.09,39.13,-,-3.82%
2017-05-30,40.8,40.28,40.91,38.85,-,1.07%
2017-05-26,40.37,38.83,40.48,38.06,-,4.86%
2017-05-25,38.5,38.83,39.49,38.06,-,-0.85%
2017-05-24,38.83,39.76,40.49,38.28,-,-2.34%
2017-05-23,39.76,40.16,40.33,39.38,-,-1.00%
2017-05-22,40.16,41.96,41.96,39.72,-,-4.29%
2017-05-19,41.96,43.01,43.6,40.5,-,-8.36%
2017-05-18,45.79,47.01,47.53,43.59,-,-4.14%
2017-05-17,47.77,44.2,48.15,41.74,-,21.34%
2017-05-16,39.37,38.49,41.78,38.49,-,2.29%
2017-05-15,38.49,40.98,41.36,38.26,-,-8.49%
2017-05-12,42.06,41.76,42.46,41.02,-,1.01%
2017-05-11,41.64,39.86,44.26,39.86,-,4.47%
2017-05-10,39.86,40.07,41.54,39.74,-,-0.52%
2017-05-09,40.07,40.77,41.14,39.93,-,-0.12%
2017-05-08,40.12,42,42,40.12,-,-4.64%
2017-05-05,42.07,43.23,43.23,41.37,-,-2.68%
2017-05-04,43.23,43.59,44.01,42.12,-,-4.00%
2017-05-03,45.03,40.31,45.09,40.31,-,11.88%
2017-05-02,40.25,41.78,42.83,40.13,-,-3.75%
2017-05-01,41.82,43.15,43.17,40.66,-,-3.08%
2017-04-28,43.15,42.39,43.7,42.25,-,2.18%
2017-04-27,42.23,41.54,43.12,40.57,-,0.55%
2017-04-26,42,41.21,42.53,40.94,-,0.72%
2017-04-25,41.7,40.47,41.85,40.21,-,0.00%
2017-04-24,41.7,40.33,43.17,40.24,-,-5.89%
2017-04-21,44.31,45.71,46.33,43.91,-,-3.06%
2017-04-20,45.71,47.44,47.44,44.81,-,-3.65%
2017-04-19,47.44,44.21,47.82,43.56,-,3.54%
2017-04-18,45.82,46.25,47.94,44.49,-,-0.93%
2017-04-17,46.25,47.26,47.26,45.55,-,-3.06%
2017-04-13,47.71,46.28,48.21,44.87,-,2.54%
2017-04-12,46.53,46.61,46.85,45.33,-,-0.21%
2017-04-11,46.63,47.24,47.66,45.4,-,-1.29%
2017-04-10,47.24,45.29,47.68,43.67,-,4.77%
2017-04-07,45.09,43.93,45.84,43.29,-,-1.81%
2017-04-06,45.92,43.85,46.01,42.93,-,2.50%
2017-04-05,44.8,43.71,45.08,41.5,-,2.49%
2017-04-04,43.71,44.41,44.43,42.56,-,-1.26%
2017-04-03,44.27,44.22,46.07,43.1,-,-0.25%
2017-03-31,44.38,43.36,44.42,43.01,-,1.98%
2017-03-30,43.52,44.66,44.66,42.8,-,-2.71%
2017-03-29,44.73,45.37,45.37,43.51,-,-1.41%
2017-03-28,45.37,46.25,46.28,44.17,-,-1.86%
2017-03-27,46.23,47.75,53.45,46.14,-,-3.18%
2017-03-24,47.75,48.27,50.52,46.76,-,-1.57%
2017-03-23,48.51,47.56,49.13,46.44,-,1.61%
2017-03-22,47.74,48.84,48.84,45.79,-,-2.29%
2017-03-21,48.86,46.22,49.03,44.94,-,5.69%
2017-03-20,46.23,45.58,46.96,44.53,-,1.43%
2017-03-17,45.58,44.8,45.71,43.5,-,1.74%
2017-03-16,44.8,45.17,45.64,44.35,-,-4.01%
2017-03-15,46.67,45.76,47.74,44.02,-,-1.71%
2017-03-14,47.48,46.85,47.54,45.11,-,1.34%
2017-03-13,46.85,45.97,47.01,44.27,-,1.91%
2017-03-10,45.97,45.21,46.65,44.6,-,-3.49%
2017-03-09,47.63,44.84,47.8,44.03,-,4.57%
2017-03-08,45.55,44.93,45.59,43.61,-,-3.27%
2017-03-07,47.09,44.88,47.25,44.28,-,5.04%
2017-03-06,44.83,44.98,46.25,43.18,-,-0.33%
2017-03-03,44.98,45.67,45.97,44.28,-,-1.51%
2017-03-02,45.67,45.69,46.21,44.58,-,-0.65%
2017-03-01,45.97,45.16,46.57,43.65,-,-2.00%
2017-02-28,46.91,46.33,47.28,44.15,-,0.21%
2017-02-27,46.81,46.07,47.25,44.16,-,1.61%
2017-02-24,46.07,46.58,48.5,45.7,-,-1.09%
2017-02-23,46.58,45.17,47.03,44.96,-,3.12%
2017-02-22,45.17,44.34,45.61,44.04,-,1.78%
2017-02-21,44.38,44.4,44.95,43,-,-0.05%
2017-02-17,44.4,44.5,44.98,43.54,-,-3.01%
2017-02-16,45.78,43.05,46.49,43.05,-,6.34%
2017-02-15,43.05,44.38,45.31,42.37,-,-4.99%
2017-02-14,45.31,45.47,45.72,42.92,-,-0.46%
2017-02-13,45.52,47.47,47.47,44.95,-,-4.11%
2017-02-10,47.47,50.79,50.79,45.26,-,-6.54%
2017-02-09,50.79,45.84,50.95,45.25,-,7.79%
2017-02-08,47.12,45.8,47.6,45.76,-,2.50%
2017-02-07,45.97,47.5,47.5,44.89,-,-3.22%
2017-02-06,47.5,47.8,47.8,44.76,-,-0.50%
2017-02-03,47.74,46.31,47.83,44.48,-,3.09%
2017-02-02,46.31,45.6,47.38,45.34,-,1.56%
2017-02-01,45.6,46.32,46.51,42.35,-,-2.65%
2017-01-31,46.84,48.08,48.64,46.61,-,-2.58%
2017-01-30,48.08,42.49,50.25,42.49,-,13.16%
2017-01-27,42.49,45.79,47.51,42.49,-,-7.21%
2017-01-26,45.79,45.82,46.14,43.65,-,-1.89%
2017-01-25,46.67,46.88,46.97,44.99,-,-0.60%
2017-01-24,46.95,48.08,48.08,45.39,-,-2.35%
2017-01-23,48.08,50.28,50.28,46.93,-,-4.28%
2017-01-20,50.23,48.31,50.23,46.03,-,3.97%
2017-01-19,48.31,47.86,48.52,46.24,-,2.59%
2017-01-18,47.09,47.34,48.35,46.48,-,-0.53%
2017-01-17,47.34,47.49,48.97,47.32,-,-0.38%
2017-01-13,47.52,47.06,48.48,46.1,-,1.54%
2017-01-12,46.8,46.7,48.14,45.88,-,1.63%
2017-01-11,46.05,45.42,48.11,45.42,-,1.39%
2017-01-10,45.42,47.33,47.99,45.42,-,-4.04%
2017-01-09,47.33,47.35,47.5,46.24,-,-5.81%
2017-01-06,50.25,46.64,50.47,44.17,-,7.49%
2017-01-05,46.75,46.58,47.72,45.66,-,0.36%
2017-01-04,46.58,49.16,49.16,45.95,-,-5.25%
2017-01-03,49.16,49.37,49.89,46.38,-,-4.13%
2016-12-30,51.28,49.35,51.73,49.2,-,-0.66%
2016-12-29,51.62,49.43,51.83,48.54,-,4.68%
2016-12-28,49.31,49.32,49.52,47.49,-,-0.02%
2016-12-27,49.32,49.2,49.33,46.87,-,0.24%
2016-12-23,49.2,49.56,49.56,48.35,-,1.28%
2016-12-22,48.58,50.02,50.26,48.55,-,-2.88%
2016-12-21,50.02,49.32,50.64,49.03,-,-7.22%
2016-12-20,53.91,50.47,54.09,49.39,-,5.25%
2016-12-19,51.22,49.79,51.41,48.95,-,1.55%
2016-12-16,50.44,48.77,50.72,48.03,-,2.67%
2016-12-15,49.13,49.34,51.07,47.56,-,-3.29%
2016-12-14,50.8,51.13,51.22,48.07,-,-0.65%
2016-12-13,51.13,49.93,51.43,49.82,-,-0.43%
2016-12-12,51.35,51.38,51.38,48.26,-,-0.06%
2016-12-09,51.38,48.57,51.38,48.1,-,6.84%
2016-12-08,48.09,50.26,52.05,48.07,-,-4.64%
2016-12-07,50.43,48.12,51.5,48.12,-,4.76%
2016-12-06,48.14,51.86,52.35,47.86,-,-7.07%
2016-12-05,51.8,53.06,54.47,51.11,-,-2.26%
2016-12-02,53,55.2,55.2,51.14,-,-3.99%
2016-12-01,55.2,53.54,55.61,49.88,-,10.67%
2016-11-30,49.88,56.21,56.21,49.42,-,-11.26%
2016-11-29,56.21,53.92,56.34,52.97,-,0.25%
2016-11-28,56.07,53.53,56.3,52.92,-,4.75%
2016-11-25,53.53,53.26,54.02,52.71,-,0.51%
2016-11-23,53.26,54.86,55.09,52.5,-,-4.19%
2016-11-22,55.59,53.32,55.62,52.75,-,6.62%
2016-11-21,52.14,52.36,53.01,50.73,-,-1.18%
2016-11-18,52.76,51.54,53.26,51.12,-,3.17%
2016-11-17,51.14,51.08,52.6,50.48,-,0.16%
2016-11-16,51.06,53.2,54.2,50.86,-,-4.02%
2016-11-15,53.2,52.62,53.49,50.45,-,7.56%
2016-11-14,49.46,53.26,55.69,49.38,-,-7.01%
2016-11-11,53.19,53.35,55.55,53.04,-,-0.30%
2016-11-10,53.35,52.71,54.56,50.68,-,0.28%
2016-11-09,53.2,57.7,57.7,52.33,-,-7.80%
2016-11-08,57.7,57.96,58.85,55.39,-,2.30%
2016-11-07,56.4,60.62,60.62,56.32,-,-6.96%
2016-11-04,60.62,60.6,61.16,57.48,-,3.84%
2016-11-03,58.38,60.39,61.78,58.3,-,-3.33%
2016-11-02,60.39,60.01,61.37,58.64,-,0.63%
2016-11-01,60.01,59.55,62.88,58.92,-,1.54%
2016-10-31,59.1,58.76,60.1,58.61,-,0.77%
2016-10-28,58.65,59.78,61.2,57.64,-,-1.97%
2016-10-27,59.83,58.41,59.83,57.53,-,2.43%
2016-10-26,58.41,57.19,59.54,57.19,-,2.13%
2016-10-25,57.19,56.85,57.81,56.34,-,1.80%
2016-10-24,56.18,56.32,57.14,54.46,-,-0.25%
2016-10-21,56.32,57.44,58.06,55.24,-,-0.11%
2016-10-20,56.38,56.85,57.92,55.51,-,-0.83%
2016-10-19,56.85,57.96,58.49,56.5,-,-1.90%
2016-10-18,57.95,57.09,59.8,56.01,-,-0.80%
2016-10-17,58.42,58.68,58.98,57.46,-,0.71%
2016-10-14,58.01,57.94,58.97,56.1,-,0.12%
2016-10-13,57.94,58.92,59.83,56.1,-,1.35%
2016-10-12,57.17,56.75,58.01,55.14,-,0.74%
2016-10-11,56.75,56.37,59.12,56.37,-,0.67%
2016-10-10,56.37,56.13,56.72,55.57,-,0.59%
2016-10-07,56.04,55.62,57.46,54.96,-,1.54%
2016-10-06,55.19,56.58,57.89,54.56,-,-2.40%
2016-10-05,56.55,56.37,56.99,53.57,-,-0.44%
2016-10-04,56.8,56.66,58.5,55.2,-,0.05%
2016-10-03,56.77,58.4,59.32,56.25,-,-1.44%
2016-09-30,57.6,57.6,58.15,56.01,-,-0.03%
2016-09-29,57.62,57.13,60.31,56.16,-,0.86%
2016-09-28,57.13,57.44,58.65,56.38,-,-1.07%
2016-09-27,57.75,59.62,59.79,56.4,-,-3.14%
2016-09-26,59.62,58.63,59.79,56.02,-,3.65%
2016-09-23,57.52,56.83,57.98,55.42,-,1.21%
2016-09-22,56.83,56.02,58.18,54.84,-,-0.11%
2016-09-21,56.89,60.24,60.72,54.36,-,-5.56%
2016-09-20,60.24,59.72,60.89,58.78,-,0.82%
2016-09-19,59.75,58.9,61.6,57.5,-,1.37%
2016-09-16,58.94,60.45,61.73,58.87,-,-1.91%
2016-09-15,60.09,62.26,62.26,58.54,-,-3.14%
2016-09-14,62.04,60.81,62.28,58.62,-,2.02%
2016-09-13,60.81,61.19,63.55,59.99,-,1.28%
2016-09-12,60.04,62.99,63.21,57.75,-,-5.14%
2016-09-09,63.29,59.93,63.29,58.94,-,7.62%
2016-09-08,58.81,57.22,59.49,57.22,-,2.58%
2016-09-07,57.33,57.79,58.57,56.93,-,-0.80%
2016-09-06,57.79,58.55,60.28,57.41,-,-1.30%
2016-09-02,58.55,57.88,59.87,57.34,-,-0.59%
2016-09-01,58.9,58.61,60.59,57.88,-,0.56%
2016-08-31,58.57,57.55,60.18,57.55,-,1.77%
2016-08-30,57.55,57.15,58.48,56.73,-,0.56%
2016-08-29,57.23,57.44,57.99,56.83,-,-0.37%
2016-08-26,57.44,57.7,59.74,52.63,-,0.56%
2016-08-25,57.12,57.68,59.32,56.6,-,-0.97%
2016-08-24,57.68,58.71,59.49,57.65,-,-1.75%
2016-08-23,58.71,58.76,59.93,57.55,-,-0.09%
2016-08-22,58.76,57.82,59.71,57.26,-,1.63%
2016-08-19,57.82,58.07,59.53,57.72,-,-0.43%
2016-08-18,58.07,58.73,59.45,57.61,-,-1.12%
2016-08-17,58.73,59.46,61.89,57.92,-,-1.23%
2016-08-16,59.46,57.41,60.07,57.37,-,3.57%
2016-08-15,57.41,56.53,57.53,56.04,-,1.56%
2016-08-12,56.53,56.03,56.71,54.7,-,0.89%
2016-08-11,56.03,55.38,56.34,55.28,-,0.81%
2016-08-10,55.58,54.65,56.31,54.65,-,0.74%
2016-08-09,55.17,54.7,55.9,53.83,-,0.86%
2016-08-08,54.7,54.89,55.06,53.43,-,-0.96%
2016-08-05,55.23,55.67,56.22,54.63,-,-3.05%
2016-08-04,56.97,57.89,58.83,56.55,-,-2.23%
2016-08-03,58.27,58.79,59.89,57.88,-,-0.88%
2016-08-02,58.79,57.79,60.33,57.62,-,1.73%
2016-08-01,57.79,57.95,58.94,57.55,-,-0.28%
2016-07-29,57.95,59.93,60.09,57.67,-,-2.92%
2016-07-28,59.69,60.6,63.01,59.35,-,-1.50%
2016-07-27,60.6,60.16,61.52,59.42,-,0.73%
2016-07-26,60.16,60.35,61.72,59.74,-,0.27%
2016-07-25,60,58.85,60.26,58.45,-,3.18%
2016-07-22,58.15,59.33,59.84,57.89,-,-1.99%
2016-07-21,59.33,58.8,59.9,57.82,-,2.35%
2016-07-20,57.97,57.67,58.86,56.94,-,-0.79%
2016-07-19,58.43,58.2,59.23,57.98,-,0.40%
2016-07-18,58.2,58.4,58.92,57.3,-,-0.68%
2016-07-15,58.6,57.73,60,57.29,-,0.79%
2016-07-14,58.14,56.77,58.62,56.31,-,1.84%
2016-07-13,57.09,58,58.14,56.63,-,-0.97%
2016-07-12,57.65,60.86,61.07,57.65,-,-5.27%
2016-07-11,60.86,59.95,61.04,58.7,-,-0.49%
2016-07-08,61.16,61.45,61.45,59.71,-,-0.47%
2016-07-07,61.45,62.57,63.21,60.78,-,-1.51%
2016-07-06,62.39,63.31,64.62,60.49,-,0.99%
2016-07-05,61.78,61.33,63.87,61.33,-,0.73%
2016-07-01,61.33,61.65,62.6,59.38,-,-0.45%
2016-06-30,61.61,61.13,62.7,60.53,-,0.79%
2016-06-29,61.13,61.79,63.97,59.78,-,-1.07%
2016-06-28,61.79,62.37,65.31,61.58,-,-4.38%
2016-06-27,64.62,69.1,69.1,62.91,-,-6.32%
2016-06-24,68.98,59.9,69.12,58.03,-,15.35%
2016-06-23,59.8,60.49,61.6,59.26,-,-5.63%
2016-06-22,63.37,61.89,63.4,60.77,-,2.39%
2016-06-21,61.89,61.46,62.84,60.66,-,0.67%
2016-06-20,61.48,62.45,62.45,59.11,-,-1.52%
2016-06-17,62.43,60.4,62.63,60.24,-,3.36%
2016-06-16,60.4,62.8,65.53,59.72,-,-3.73%
2016-06-15,62.74,62.63,63.97,59.72,-,0.43%
2016-06-14,62.47,64.76,65.96,62.14,-,-3.54%
2016-06-13,64.76,63.03,64.92,62.04,-,2.74%
2016-06-10,63.03,64.46,65.5,62.54,-,0.64%
2016-06-09,62.63,62.58,64.25,61.87,-,0.08%
2016-06-08,62.58,63.18,63.84,62.34,-,-0.95%
2016-06-07,63.18,61.76,63.37,61.14,-,2.30%
2016-06-06,61.76,61.14,62.51,60.2,-,1.01%
2016-06-03,61.14,61.97,63.24,60.77,-,1.23%
2016-06-02,60.4,60.39,62.92,60.23,-,0.02%
2016-06-01,60.39,61.48,61.94,59.59,-,-0.61%
2016-05-31,60.76,59.72,61.92,59.41,-,1.69%
2016-05-27,59.75,60.32,61.73,59.43,-,-1.63%
2016-05-26,60.74,60.12,61.4,60.1,-,0.50%
2016-05-25,60.44,60.85,62.26,59.28,-,-0.95%
2016-05-24,61.02,61.7,62.36,60.59,-,-2.73%
2016-05-23,62.73,62.65,62.88,61.48,-,0.13%
2016-05-20,62.65,59.82,62.69,59.69,-,3.59%
2016-05-19,60.48,60.49,63.17,60.21,-,-0.02%
2016-05-18,60.49,60.76,62.04,58.5,-,-0.44%
2016-05-17,60.76,59.27,61.64,58.71,-,2.29%
2016-05-16,59.4,59.67,60.03,58.02,-,-0.49%
2016-05-13,59.69,59.98,61.14,58.44,-,-0.02%
2016-05-12,59.7,60.52,62.77,59.25,-,-3.16%
2016-05-11,61.65,60.22,61.69,59.58,-,2.29%
2016-05-10,60.27,60.85,60.9,59.17,-,-0.95%
2016-05-09,60.85,61.12,61.49,59.89,-,0.12%
2016-05-06,60.78,62.59,64.22,59.87,-,-2.89%
2016-05-05,62.59,62.24,63.74,61.34,-,1.38%
2016-05-04,61.74,62.68,64.5,61.22,-,-1.44%
2016-05-03,62.64,62.87,64.06,61.55,-,2.35%
2016-05-02,61.2,62.89,63.66,61.07,-,-2.31%
2016-04-29,62.65,63.56,65.29,60.61,-,-1.43%
2016-04-28,63.56,62.69,64.51,60.85,-,1.39%
2016-04-27,62.69,63.17,65.33,61.97,-,-0.76%
2016-04-26,63.17,64.14,65.53,62.65,-,-1.51%
2016-04-25,64.14,64.33,65.81,62.55,-,-0.36%
2016-04-22,64.37,64.45,65.86,63.1,-,0.25%
2016-04-21,64.21,62.57,65.93,62.05,-,2.52%
2016-04-20,62.63,62.18,63,60.79,-,0.72%
2016-04-19,62.18,61.2,62.91,60.94,-,0.39%
2016-04-18,61.94,61.73,63.28,61.21,-,0.34%
2016-04-15,61.73,62.63,63.39,61.73,-,-1.63%
2016-04-14,62.75,61.31,63.04,60.45,-,2.35%
2016-04-13,61.31,62.28,63.56,60.76,-,-3.25%
2016-04-12,63.37,65.8,65.83,62.33,-,-3.69%
2016-04-11,65.8,64.14,65.8,62.91,-,2.59%
2016-04-08,64.14,63.75,66.17,63.25,-,0.61%
2016-04-07,63.75,62.46,65.09,62.46,-,2.07%
2016-04-06,62.46,64.6,66.27,61.97,-,-3.74%
2016-04-05,64.89,64.04,65.41,63.6,-,3.18%
2016-04-04,62.89,61.32,63.19,60.54,-,2.56%
2016-04-01,61.32,64.38,64.49,61.03,-,-2.90%
2016-03-31,63.15,62.22,63.69,60.87,-,2.17%
2016-03-30,61.81,61.78,62.5,60.29,-,0.05%
2016-03-29,61.78,61.85,63.76,61.04,-,-0.11%
2016-03-28,61.85,62.64,62.67,60.76,-,-1.26%
2016-03-24,62.64,65.18,66.05,62.64,-,-1.93%
2016-03-23,63.87,64.13,65.27,62.81,-,-0.41%
2016-03-22,64.13,65.45,65.95,63.75,-,-2.02%
2016-03-21,65.45,65.59,66.1,64.2,-,-0.21%
2016-03-18,65.59,63.73,65.69,61.92,-,3.23%
2016-03-17,63.54,64.64,67.18,61.39,-,-1.88%
2016-03-16,64.76,64.79,67.19,63.99,-,-0.05%
2016-03-15,64.79,66.18,66.36,64.23,-,0.40%
2016-03-14,64.53,65.89,66.08,63.77,-,-1.38%
2016-03-11,65.43,64.85,66.16,63.42,-,-1.36%
2016-03-10,66.33,66.82,69.11,64.37,-,-0.03%
2016-03-09,66.35,66.61,68.37,64.39,-,-0.39%
2016-03-08,66.61,63.8,67.13,63.8,-,4.37%
2016-03-07,63.82,64.31,65.21,62.45,-,-0.76%
2016-03-04,64.31,63.83,65.34,62.45,-,0.75%
2016-03-03,63.83,64.54,65.17,62.26,-,-0.64%
2016-03-02,64.24,65.61,66.86,63.67,-,-0.62%
2016-03-01,64.64,67.34,67.41,64.35,-,-4.01%
2016-02-29,67.34,64.47,67.84,64.38,-,3.50%
2016-02-26,65.06,64.95,66.34,63.29,-,0.17%
2016-02-25,64.95,66.42,68.28,64.52,-,-2.21%
2016-02-24,66.42,68.7,70.02,66.23,-,-1.76%
2016-02-23,67.61,67.24,69.59,66.28,-,2.19%
2016-02-22,66.16,66.48,67.32,64.95,-,-0.48%
2016-02-19,66.48,67.11,68.8,65.97,-,-0.94%
2016-02-18,67.11,67.84,69.05,64.85,-,-1.08%
2016-02-17,67.84,67.24,68.49,64.68,-,0.89%
2016-02-16,67.24,67.7,69.1,65.59,-,-0.68%
2016-02-12,67.7,64.87,68.84,64.38,-,4.17%
2016-02-11,64.99,66.21,69.78,64.45,-,-1.84%
2016-02-10,66.21,64.36,67.38,63.44,-,0.17%
2016-02-09,66.1,68.04,70.08,64.23,-,0.46%
2016-02-08,65.8,66.49,69.98,65.11,-,-1.04%
2016-02-05,66.49,66.66,69.19,66.07,-,-0.92%
2016-02-04,67.11,65.34,69.09,64.96,-,2.40%
2016-02-03,65.54,65.52,67.2,63.95,-,0.41%
2016-02-02,65.27,65.02,68.04,65.02,-,0.38%
2016-02-01,65.02,64.79,66.84,62.86,-,0.35%
2016-01-29,64.79,64.65,66.42,63.76,-,-2.86%
2016-01-28,66.7,67.33,68.72,64.33,-,-1.32%
2016-01-27,67.59,67.22,70.32,64.79,-,0.55%
2016-01-26,67.22,66.73,67.94,65.72,-,-0.06%
2016-01-25,67.26,67.82,68.96,65.99,-,-0.33%
2016-01-22,67.48,68.57,69.2,65.86,-,-1.59%
2016-01-21,68.57,66.12,69.46,64.83,-,5.62%
2016-01-20,64.92,69.28,71.02,62.79,-,-2.36%
2016-01-19,66.49,64.92,70.04,64.42,-,2.42%
2016-01-15,64.92,69.44,69.44,63.94,-,1.53%
2016-01-14,63.94,67.31,68.53,62.91,-,-5.87%
2016-01-13,67.93,64.71,70.34,63.46,-,3.95%
2016-01-12,65.35,65.87,68.19,62.72,-,-0.79%
2016-01-11,65.87,66.3,69.13,64.93,-,-0.65%
2016-01-08,66.3,66.47,67.17,63.18,-,-0.26%
2016-01-07,66.47,64.89,68.03,64.16,-,2.43%
2016-01-06,64.89,63.33,67.43,63.33,-,2.46%
2016-01-05,63.33,65.25,65.88,62.9,-,-2.85%
2016-01-04,65.19,64.19,67.12,64.08,-,1.56%
2015-12-31,64.19,64.36,65.51,63.23,-,0.91%
2015-12-30,63.61,62.73,63.97,62.17,-,1.40%
2015-12-29,62.73,61.23,63.38,60.47,-,0.06%
2015-12-28,62.69,61.83,64.26,61.83,-,1.39%
2015-12-24,61.83,61.95,63.37,61.48,-,-0.19%
2015-12-23,61.95,62.87,63.46,61.44,-,-2.55%
2015-12-22,63.57,64.87,66.29,63.24,-,-2.18%
2015-12-21,64.99,64.69,67.46,64.39,-,0.12%
2015-12-18,64.91,65.43,66.93,63.68,-,-0.72%
2015-12-17,65.38,61.66,65.38,61.66,-,5.86%
2015-12-16,61.76,63.22,66.12,60.17,-,-3.59%
2015-12-15,64.06,62.62,64.42,61.98,-,1.65%
2015-12-14,63.02,65.32,67.74,62.26,-,-4.30%
2015-12-11,65.85,64.29,66.73,62.63,-,2.43%
2015-12-10,64.29,64.35,65.3,61.76,-,-1.26%
2015-12-09,65.11,63.22,67.24,62.28,-,3.09%
2015-12-08,63.16,64.63,64.94,61.46,-,0.41%
2015-12-07,62.9,61.48,64.29,61.48,-,2.31%
2015-12-04,61.48,64.66,64.66,60.81,-,-4.92%
2015-12-03,64.66,63.99,65.01,61.57,-,1.05%
2015-12-02,63.99,62.44,64.12,61.55,-,3.98%
2015-12-01,61.54,64.19,64.19,61.26,-,6.42%
2015-11-30,57.83,56.59,58.57,56.23,-,1.76%
2015-11-27,56.83,57.05,58.07,55.12,-,-1.13%
2015-11-25,57.48,57.16,57.85,55.26,-,0.56%
2015-11-24,57.16,57.84,59.13,54.46,-,0.00%
2015-11-23,57.16,55.96,57.75,54.17,-,1.76%
2015-11-20,56.17,57.79,57.79,54.47,-,-2.80%
2015-11-19,57.79,54.75,57.79,53.42,-,5.55%
2015-11-18,54.75,56.98,57.41,53.75,-,-3.41%
2015-11-17,56.68,55.87,58.49,54.52,-,-2.07%
2015-11-16,57.88,60.94,61.21,54.67,-,-3.50%
2015-11-13,59.98,59.96,61.19,57.27,-,3.88%
2015-11-12,57.74,57.72,59.22,55.75,-,2.65%
2015-11-11,56.25,54.3,56.65,53.7,-,3.59%
2015-11-10,54.3,57.18,57.61,53.91,-,-4.38%
2015-11-09,56.79,56.38,58.32,56.07,-,1.39%
2015-11-06,56.01,57.3,58.91,55.13,-,-2.22%
2015-11-05,57.28,58.11,59.95,55.96,-,-0.42%
2015-11-04,57.52,55.63,58.63,54.57,-,3.40%
2015-11-03,55.63,56.86,58.28,54.91,-,-1.07%
2015-11-02,56.23,58.58,59.21,55.57,-,-4.01%
2015-10-30,58.58,58.93,60.5,56.71,-,0.15%
2015-10-29,58.49,58.77,59.84,56.76,-,1.72%
2015-10-28,57.5,59.25,61.44,52.96,-,-2.95%
2015-10-27,59.25,60.53,61.54,58.17,-,1.39%
2015-10-26,58.44,59.93,59.93,57.44,-,-2.49%
2015-10-23,59.93,57.17,59.93,54.88,-,0.18%
2015-10-22,59.82,61.1,61.93,57.86,-,-3.98%
2015-10-21,62.3,60.3,63.28,59.09,-,-0.05%
2015-10-20,62.33,59.76,62.38,58.89,-,4.30%
2015-10-19,59.76,61.39,62.95,58.71,-,-2.58%
2015-10-16,61.34,61.21,63.93,60.83,-,0.02%
2015-10-15,61.33,65.04,65.04,61.23,-,-5.70%
2015-10-14,65.04,63.57,66.14,62.28,-,2.22%
2015-10-13,63.63,60.06,63.64,59.61,-,5.93%
2015-10-12,60.07,60.68,61.93,59.88,-,-1.01%
2015-10-09,60.68,58.73,61.73,57.75,-,2.29%
2015-10-08,59.32,60.96,61.13,56.28,-,-1.80%
2015-10-07,60.41,61.02,62.72,59.62,-,-1.98%
2015-10-06,61.63,61.06,62.16,59.4,-,2.24%
2015-10-05,60.28,61.39,61.82,55.7,-,-1.81%
2015-10-02,61.39,64.38,64.83,59.97,-,-1.29%
2015-10-01,62.19,65.3,65.4,61.93,-,-4.76%
2015-09-30,65.3,62.51,65.95,61.53,-,2.56%
2015-09-29,63.67,65.84,67.69,63.06,-,-4.49%
2015-09-28,66.66,65.42,68.54,65.27,-,2.85%
2015-09-25,64.81,65.17,65.87,62.42,-,-0.67%
2015-09-24,65.25,64.45,67.18,62.3,-,4.74%
2015-09-23,62.3,63.04,64.42,61.52,-,-2.18%
2015-09-22,63.69,63.64,67.55,63.32,-,0.08%
2015-09-21,63.64,63.26,66.83,62.31,-,-0.87%
2015-09-18,64.2,65.1,66.07,62.62,-,2.59%
2015-09-17,62.58,61.87,63.6,57.75,-,1.15%
2015-09-16,61.87,62.89,64.02,61.16,-,-1.62%
2015-09-15,62.89,65.22,65.99,62.48,-,-3.57%
2015-09-14,65.22,63.38,66.28,63.38,-,2.87%
2015-09-11,63.4,64.13,65.82,63.27,-,-2.15%
2015-09-10,64.79,66.11,67.41,63.86,-,0.06%
2015-09-09,64.75,60.8,66.36,59.92,-,2.11%
2015-09-08,63.41,62.6,64.51,60.43,-,-0.88%
2015-09-04,63.97,64.49,66.06,62.16,-,-0.64%
2015-09-03,64.38,61.14,65.08,58.44,-,4.73%
2015-09-02,61.47,63.33,64.46,60.3,-,-2.94%
2015-09-01,63.33,64.49,68.37,62.82,-,-1.80%
2015-08-31,64.49,62.24,64.71,60.01,-,7.47%
2015-08-28,60.01,58.33,64.29,57.82,-,5.80%
2015-08-27,56.72,54.52,60.6,53.24,-,4.04%
2015-08-26,54.52,57.39,58.8,53.26,-,-5.00%
2015-08-25,57.39,55.39,62.21,48.03,-,3.61%
2015-08-24,55.39,80.9,80.9,51.86,-,-4.40%
2015-08-21,57.94,57.64,59.79,54.7,-,0.52%
2015-08-20,57.64,56.86,58.9,55.13,-,0.14%
2015-08-19,57.56,56.43,57.9,54.41,-,2.00%
2015-08-18,56.43,54.78,56.79,54.23,-,3.01%
2015-08-17,54.78,55.45,57.46,54.4,-,-1.21%
2015-08-14,55.45,56.79,57.28,54.59,-,-2.36%
2015-08-13,56.79,55.71,57.21,54.63,-,2.07%
2015-08-12,55.64,56.28,59.34,54.41,-,-0.57%
2015-08-11,55.96,55.78,57.9,53.69,-,4.23%
2015-08-10,53.69,54.7,54.7,52.51,-,-1.85%
2015-08-07,54.7,55.13,56.5,53.86,-,-2.58%
2015-08-06,56.15,55.98,56.83,54.37,-,0.30%
2015-08-05,55.98,56.45,56.45,54.44,-,-0.97%
2015-08-04,56.53,57.93,57.93,55.55,-,-2.42%
2015-08-03,57.93,57.93,57.93,57.93,-,0.00%
2015-07-31,57.93,57.33,58.69,56.22,-,1.05%
2015-07-30,57.33,58.07,59.64,56.98,-,-1.27%
2015-07-29,58.07,59.06,59.06,55.37,-,-1.68%
2015-07-28,59.06,59.35,61.34,58.54,-,-3.76%
2015-07-27,61.37,61.49,62.29,59.6,-,3.19%
2015-07-24,59.47,60.18,60.93,57.89,-,-1.18%
2015-07-23,60.18,59.06,60.54,58.12,-,2.33%
2015-07-22,58.81,59.54,59.83,57.19,-,-0.37%
2015-07-21,59.03,58.71,60,57.45,-,0.17%
2015-07-20,58.93,58.35,59.88,57.73,-,0.99%
2015-07-17,58.35,58.87,59.33,57.75,-,-2.73%
2015-07-16,59.99,60.06,60.53,59.12,-,-0.53%
2015-07-15,60.31,59.66,61.29,58.88,-,2.12%
2015-07-14,59.06,58.62,61.81,55.39,-,0.75%
2015-07-13,58.62,59.56,59.56,56.06,-,-1.84%
2015-07-10,59.72,63.31,63.31,58.35,-,-5.67%
2015-07-09,63.31,60.1,63.42,58.37,-,2.36%
2015-07-08,61.85,60.58,62.52,59.31,-,5.64%
2015-07-07,58.55,60.91,63.86,57.84,-,-5.12%
2015-07-06,61.71,63.71,63.71,60.69,-,0.67%
2015-07-02,61.3,60.33,62.4,58.75,-,1.61%
2015-07-01,60.33,60.52,62.89,59.89,-,-4.07%
2015-06-30,62.89,63.66,64.44,62.17,-,-1.21%
2015-06-29,63.66,60.74,65.36,60.74,-,4.81%
2015-06-26,60.74,61.4,62.15,59.84,-,-1.07%
2015-06-25,61.4,62.17,62.17,60.3,-,-1.24%
2015-06-24,62.17,61.44,62.17,59.9,-,1.29%
2015-06-23,61.38,62.84,62.84,60.15,-,-2.32%
2015-06-22,62.84,63.4,63.4,60.12,-,-0.88%
2015-06-19,63.4,62.46,64.37,61.9,-,1.50%
2015-06-18,62.46,62.05,62.68,59.98,-,-0.37%
2015-06-17,62.69,62.35,64.47,61.13,-,0.58%
2015-06-16,62.33,62.41,62.6,61.2,-,0.02%
2015-06-15,62.32,61.13,63.36,61.13,-,1.95%
2015-06-12,61.13,61.06,61.84,59.79,-,1.61%
2015-06-11,60.16,60.04,60.84,59.06,-,-0.51%
2015-06-10,60.47,62.26,62.92,59.85,-,-3.89%
2015-06-09,62.92,64.3,65.14,62.51,-,-2.15%
2015-06-08,64.3,64.18,65.85,62.99,-,1.24%
2015-06-05,63.51,63.05,64.68,62.57,-,0.54%
2015-06-04,63.17,62.19,64.09,62,-,1.58%
2015-06-03,62.19,62.23,63.47,60.84,-,0.48%
2015-06-02,61.89,61.81,63.09,60.53,-,0.13%
2015-06-01,61.81,61.49,62.34,60.02,-,0.06%
2015-05-29,61.77,60.55,62.27,59.62,-,2.95%
2015-05-28,60,61.08,61.08,59.42,-,-0.61%
2015-05-27,60.37,60.87,61.98,59.61,-,-0.82%
2015-05-26,60.87,59.46,63.11,59.46,-,2.37%
2015-05-22,59.46,60.67,60.67,58.85,-,-1.99%
2015-05-21,60.67,61.7,61.94,60.26,-,-1.67%
2015-05-20,61.7,61.58,62.43,59.56,-,-1.78%
2015-05-19,62.82,64.76,65.34,62.02,-,-3.00%
2015-05-18,64.76,63.85,64.99,63.07,-,1.43%
2015-05-15,63.85,63.66,64.28,62.9,-,0.30%
2015-05-14,63.66,63.48,64,62.59,-,0.28%
2015-05-13,63.48,63.95,64.09,62.67,-,-1.04%
2015-05-12,64.15,65.3,66.62,63.59,-,-1.76%
2015-05-11,65.3,64.26,65.92,63.4,-,1.62%
2015-05-08,64.26,64.68,66.1,63.6,-,-2.78%
2015-05-07,66.1,65.85,67.58,64.32,-,-1.03%
2015-05-06,66.79,67.89,67.97,65.12,-,-1.62%
2015-05-05,67.89,65.65,68.88,64.93,-,4.70%
2015-05-04,64.84,63.82,66.06,63.06,-,-0.18%
2015-05-01,64.96,66.77,67.25,64.36,-,-2.75%
2015-04-30,66.8,67.39,68.94,66.31,-,0.01%
2015-04-29,66.79,67.33,68.87,65.12,-,-0.79%
2015-04-28,67.32,67.73,69.77,66.95,-,-0.61%
2015-04-27,67.73,68.63,69.88,67.01,-,-1.02%
2015-04-24,68.43,67.32,69.68,66.86,-,0.77%
2015-04-23,67.91,66.77,68.91,65.48,-,1.71%
2015-04-22,66.77,67.45,68.66,65.93,-,-1.01%
2015-04-21,67.45,67.88,69.37,66.83,-,-0.55%
2015-04-20,67.82,67.14,68.81,67.14,-,1.01%
2015-04-17,67.14,68.23,69.64,67.09,-,0.40%
2015-04-16,66.87,66.41,67.48,66.21,-,1.16%
2015-04-15,66.1,65.45,68.09,65.25,-,0.99%
2015-04-14,65.45,64.91,66.15,63.62,-,1.03%
2015-04-13,64.78,62.18,64.93,61.39,-,4.18%
2015-04-10,62.18,63.31,63.39,61.37,-,-1.78%
2015-04-09,63.31,64.4,65.38,62.07,-,-1.42%
2015-04-08,64.22,64.7,66,63.14,-,-0.74%
2015-04-07,64.7,63.81,65.59,63.14,-,1.19%
2015-04-06,63.94,64.07,65.22,62.41,-,-0.33%
2015-04-02,64.15,65.18,65.18,63.34,-,-1.58%
2015-04-01,65.18,65.33,66.8,64.8,-,-0.66%
2015-03-31,65.61,63.71,66.3,63.71,-,2.98%
2015-03-30,63.71,65.47,65.47,61.94,-,-2.66%
2015-03-27,65.45,63.71,66.38,63.48,-,2.73%
2015-03-26,63.71,65.57,65.94,62.7,-,-2.15%
2015-03-25,65.11,63.35,65.51,62.8,-,3.45%
2015-03-24,62.94,63.57,64.3,62.16,-,-0.99%
2015-03-23,63.57,61.44,63.57,60,-,5.53%
2015-03-20,60.24,61.06,61.06,58.38,-,-1.34%
2015-03-19,61.06,56.96,61.62,56.96,-,7.20%
2015-03-18,56.96,59.3,61.71,55.95,-,-3.95%
2015-03-17,59.3,59.35,60.99,59.08,-,-0.08%
2015-03-16,59.35,60.33,61.28,58.16,-,-1.51%
2015-03-13,60.26,60.44,61.78,58.97,-,1.57%
2015-03-12,59.33,61.07,62,59.18,-,-4.31%
2015-03-11,62,61.17,62.46,57.67,-,1.36%
2015-03-10,61.17,60.98,61.94,59.4,-,3.01%
2015-03-09,59.38,60.67,60.78,58.39,-,-2.27%
2015-03-06,60.76,58.75,61.61,57.99,-,5.23%
2015-03-05,57.74,58.45,59.36,57.64,-,-2.00%
2015-03-04,58.92,59.72,60.82,58.62,-,-0.94%
2015-03-03,59.48,59.22,61.47,58.72,-,1.29%
2015-03-02,58.72,60.71,61.2,58.44,-,-3.37%
2015-02-27,60.77,60.68,61.34,59.41,-,0.15%
2015-02-26,60.68,60.94,62.05,59.65,-,0.18%
2015-02-25,60.57,60.75,61.15,58.78,-,-0.30%
2015-02-24,60.75,61.36,63.31,60.07,-,-1.95%
2015-02-23,61.96,61.88,63.9,61.54,-,0.55%
2015-02-20,61.62,63.9,64.26,61.37,-,-3.57%
2015-02-19,63.9,63.22,65.14,63.22,-,1.08%
2015-02-18,63.22,63.19,64.69,62.35,-,-1.17%
2015-02-17,63.97,63.66,64.55,62.4,-,0.00%
2015-02-13,63.97,63.48,64.27,62.78,-,0.25%
2015-02-12,63.81,65.32,65.32,62.94,-,-2.31%
2015-02-11,65.32,66.94,67.62,64.35,-,-2.42%
2015-02-10,66.94,66.44,68.63,65.81,-,-2.56%
2015-02-09,68.7,68.23,69.11,66.42,-,0.69%
2015-02-06,68.23,65.68,68.97,63.79,-,4.66%
2015-02-05,65.19,65.2,66.29,64.05,-,-1.90%
2015-02-04,66.45,64.09,66.52,63.81,-,3.68%
2015-02-03,64.09,64.75,67,63.52,-,-1.02%
2015-02-02,64.75,66.13,69.38,64.75,-,-5.52%
2015-01-30,68.53,66.53,73.65,65.18,-,3.04%
2015-01-29,66.51,69.72,70.97,65.35,-,-4.43%
2015-01-28,69.59,65.1,70.14,63.65,-,4.96%
2015-01-27,66.3,66.75,68.85,65.29,-,1.55%
2015-01-26,65.29,64.91,66.03,64.32,-,0.59%
2015-01-23,64.91,63.47,66.03,63.1,-,1.30%
2015-01-22,64.08,61.5,66.59,58.38,-,-1.69%
2015-01-21,65.18,65.01,67.16,63.41,-,1.48%
2015-01-20,64.23,66.19,68.6,63.65,-,-4.48%
2015-01-16,67.24,66.57,68.91,65.27,-,1.01%
2015-01-15,66.57,65.36,68.08,64.38,-,1.91%
2015-01-14,65.32,67.41,69.25,65.27,-,-2.62%
2015-01-13,67.08,64.81,68.99,64.2,-,2.27%
2015-01-12,65.59,65.61,68.37,64.58,-,-0.03%
2015-01-09,65.61,64.75,67.04,64.18,-,1.33%
2015-01-08,64.75,64.98,66.02,63.8,-,-0.35%
2015-01-07,64.98,66.31,69.15,64.62,-,-3.43%
2015-01-06,67.29,63.35,72.13,63.35,-,-0.80%
2015-01-05,67.83,65.06,70.92,65.06,-,3.05%
2015-01-02,65.82,67.52,68.42,63.13,-,-3.06%
2014-12-31,67.9,65.55,70.69,65.14,-,3.59%
2014-12-30,65.55,65.58,66.99,64.18,-,0.71%
2014-12-29,65.09,63.36,65.63,63.36,-,0.88%
2014-12-26,64.52,67.17,67.17,64.06,-,-3.95%
2014-12-24,67.17,64.64,67.17,63.96,-,1.56%
2014-12-23,66.14,61.58,66.69,60.5,-,3.83%
2014-12-22,63.7,64.35,65.51,61.7,-,-0.84%
2014-12-19,64.24,62.63,66.38,60.31,-,0.14%
2014-12-18,64.15,63.53,66.63,61.09,-,0.91%
2014-12-17,63.57,72.97,73.65,63.02,-,-12.88%
2014-12-16,72.97,72.64,73.81,66.44,-,7.39%
2014-12-15,67.95,68.88,73.78,67.58,-,-4.42%
2014-12-12,71.09,72.72,75.19,66.44,-,-1.24%
2014-12-11,71.98,66.78,76.88,65.13,-,6.68%
2014-12-10,67.47,66.72,73.5,65.76,-,1.12%
2014-12-09,66.72,68.57,73.14,66.22,-,-0.09%
2014-12-08,66.78,65.33,71.58,64.8,-,2.96%
2014-12-05,64.86,65.78,70.22,64.7,-,-1.40%
2014-12-04,65.78,65.27,66.56,64.59,-,0.15%
2014-12-03,65.68,67.16,69,65.34,-,-0.91%
2014-12-02,66.28,67.32,68.48,65.81,-,-2.03%
2014-12-01,67.65,68.53,76.41,66.49,-,-1.28%
2014-11-28,68.53,68.5,71.66,66.91,-,0.23%
2014-11-26,68.37,67.19,68.53,66.53,-,0.90%
2014-11-25,67.76,65.94,67.94,65.59,-,123.04%
2014-11-24,30.38,30.38,30.38,30.38,-,0.30%
2014-11-21,30.29,33.16,34.8,29.96,-,-8.66%
2014-11-20,33.16,37.97,41.1,33.16,-,-0.75%
2014-11-17,33.41,33.41,33.41,33.41,-,0.00%
2014-01-08,33.41,33.41,33.41,33.41,-,0.00%
2014-01-02,33.41,33.41,33.41,33.41,-,0.00%
2013-11-21,33.41,33.41,33.41,33.41,-,0.00%
2013-11-20,33.41,33.41,33.41,33.41,-,0.00%
2013-11-19,33.41,33.41,33.41,33.41,-,0.00%
2013-11-18,33.41,33.41,33.41,33.41,-,0.00%
2013-11-15,33.41,34.15,35.2,16.63,-,-2.17%
2013-11-14,34.15,35.97,38.12,33.52,-,-5.06%
2013-11-13,35.97,40.53,41.42,35.1,-,-7.77%
2013-11-12,39,39.08,40.7,37.46,-,3.15%
2013-11-11,37.81,39.53,41.54,37.25,-,-4.35%
2013-11-08,39.53,40.9,41.5,37.59,-,-3.35%
2013-11-07,40.9,36.9,42.39,36.9,-,10.84%
2013-11-06,36.9,39.39,39.71,36.12,-,-6.32%
2013-11-05,39.39,39.44,42.18,37.62,-,2.71%
2013-11-04,38.35,39.32,41.99,37.9,-,-4.82%
2013-11-01,40.29,41.55,42.69,35.99,-,-3.03%
2013-10-31,41.55,40.68,43,38.36,-,2.09%
2013-10-30,40.7,41.24,46.74,40.44,-,0.99%
2013-10-29,40.3,37.59,40.83,37.59,-,7.21%
2013-10-28,37.59,37.05,39.36,37.04,-,1.02%
2013-10-25,37.21,36.71,39.14,36.4,-,1.36%
2013-10-24,36.71,36.97,37.75,35.63,-,-0.70%
2013-10-23,36.97,39.14,41.81,36.88,-,-5.54%
2013-10-22,39.14,36.34,40.02,34.07,-,7.71%
2013-10-21,36.34,35.18,37.17,33.94,-,0.75%
2013-10-18,36.07,37.38,38.02,34.7,-,-5.99%
2013-10-17,38.37,42.22,42.22,36.6,-,-8.86%
2013-10-16,42.1,52.28,52.28,41.75,-,-19.47%
2013-10-15,52.28,44.74,54.02,44.69,-,16.46%
2013-10-14,44.89,44.1,49.6,42.85,-,1.47%
2013-10-11,44.24,47.08,47.74,43.48,-,-5.23%
2013-10-10,46.68,48.42,50.02,46.16,-,-15.16%
2013-10-09,55.02,58.94,60.21,51.74,-,-6.54%
2013-10-08,58.87,56.52,62.28,55.79,-,1.71%
2013-10-07,57.88,55.97,58.02,52.16,-,16.39%
2013-10-04,49.73,51.99,53.05,48.53,-,-4.35%
2013-10-03,51.99,48.71,55.24,48.22,-,6.73%
2013-10-02,48.71,48.89,51.04,46.2,-,4.73%
2013-10-01,46.51,49.14,49.27,45.9,-,-5.35%
2013-09-30,49.14,53.18,53.18,48.17,-,3.65%
2013-09-27,47.41,46.71,48.49,46,-,5.64%
2013-09-26,44.88,46.33,47.79,44.65,-,-5.22%
2013-09-25,47.35,48.29,50.29,46.21,-,-1.95%
2013-09-24,48.29,50.3,50.8,47.43,-,-4.00%
2013-09-23,50.3,48.06,50.98,47.56,-,6.50%
2013-09-20,47.23,46.83,48.12,45.03,-,2.03%
2013-09-19,46.29,46.16,47.46,43.73,-,0.28%
2013-09-18,46.16,47.69,50.16,42.85,-,-3.21%
2013-09-17,47.69,47.2,48.39,46.51,-,1.88%
2013-09-16,46.81,46.12,48.05,44.72,-,1.50%
2013-09-13,46.12,46.62,47.81,45.73,-,-0.95%
2013-09-12,46.56,43.66,47.49,43.66,-,6.64%
2013-09-11,43.66,46.84,47.55,43.36,-,-5.13%
2013-09-10,46.02,46.86,49.19,45.73,-,-6.63%
2013-09-09,49.29,48.98,50.2,46.97,-,-2.36%
2013-09-06,50.48,50.2,53.33,48.06,-,0.56%
2013-09-05,50.2,51.55,52.56,49.77,-,-2.75%
2013-09-04,51.62,52.78,53.61,50.49,-,-2.93%
2013-09-03,53.18,55.23,56.08,49.67,-,-2.58%
2013-08-30,54.59,55.38,57.66,54.55,-,-1.43%
2013-08-29,55.38,54.67,56.41,52.49,-,1.32%
2013-08-28,54.66,54.66,55.59,49.97,-,0.24%
2013-08-27,54.53,51.04,55.52,51.04,-,6.84%
2013-08-26,51.04,48.46,51.06,46.57,-,4.76%
2013-08-23,48.72,49.9,50.56,48.02,-,-2.36%
2013-08-22,49.9,51.39,51.77,46.7,-,-7.37%
2013-08-21,53.87,51.98,55.52,49.25,-,3.64%
2013-08-20,51.98,53.15,53.7,49.59,-,-0.35%
2013-08-19,52.16,50.44,52.61,49.13,-,3.41%
2013-08-16,50.44,50.45,51.92,48.79,-,-3.11%
2013-08-15,52.06,52.95,54.35,50.35,-,5.86%
2013-08-14,49.18,48.46,49.4,46.74,-,2.46%
2013-08-13,48,49.26,51.39,46.6,-,-2.50%
2013-08-12,49.23,50.95,52.28,48.41,-,-3.43%
2013-08-09,50.98,48.42,51.16,47.52,-,5.64%
2013-08-08,48.26,46.97,49.43,46.52,-,-0.31%
2013-08-07,48.41,49.57,51.72,48.13,-,0.35%
2013-08-06,48.24,46.57,48.95,46.18,-,5.19%
2013-08-05,45.86,46.73,46.94,44.99,-,-1.99%
2013-08-02,46.79,46.68,48.24,45.96,-,-1.02%
2013-08-01,47.27,48.69,48.69,45.73,-,-2.92%
2013-07-31,48.69,48.59,50.52,46.51,-,0.21%
2013-07-30,48.59,50.39,50.99,48.57,-,-3.09%
2013-07-29,50.14,49.95,51.92,48.15,-,0.38%
2013-07-26,49.95,52.13,53.17,49.9,-,-3.52%
2013-07-25,51.77,53.42,54.18,50.46,-,-1.35%
2013-07-24,52.48,51.1,54.25,51.04,-,2.90%
2013-07-23,51,48.93,51.6,48.71,-,2.06%
2013-07-22,49.97,51.39,52.04,49.85,-,-2.71%
2013-07-19,51.36,53.53,54.01,50.95,-,-3.71%
2013-07-18,53.34,52.24,53.74,50.75,-,0.85%
2013-07-17,52.89,54.57,55.04,52.51,-,-2.36%
2013-07-16,54.17,52.58,54.98,52.35,-,3.02%
2013-07-15,52.58,52.76,52.76,51.45,-,-0.34%
2013-07-12,52.76,52.51,54.02,52.14,-,0.48%
2013-07-11,52.51,50.33,52.84,48.14,-,4.29%
2013-07-10,50.35,50.93,53.89,50.03,-,-0.98%
2013-07-09,50.85,51.86,51.86,49.75,-,-1.95%
2013-07-08,51.86,51.62,54.09,51.45,-,-1.65%
2013-07-05,52.73,53.79,55.82,52.64,-,-6.42%
2013-07-03,56.35,56.01,59.32,55.37,-,0.61%
2013-07-02,56.01,58.05,58.05,54.76,-,-3.51%
2013-07-01,58.05,58.05,58.05,58.05,-,0.00%
2013-06-28,58.05,59.35,60.43,56.39,-,-2.14%
2013-06-27,59.32,59.2,59.61,57,-,0.20%
2013-06-26,59.2,56.93,60.46,56.83,-,-1.92%
2013-06-25,60.36,61.32,61.45,58.06,-,-1.57%
2013-06-24,61.32,57.62,62.59,57.59,-,6.42%
2013-06-21,57.62,59.19,61.02,55.43,-,-2.59%
2013-06-20,59.15,55.94,61.99,55.28,-,5.74%
2013-06-19,55.94,56.24,57.06,51.91,-,-0.50%
2013-06-18,56.22,55.78,56.67,54.95,-,0.79%
2013-06-17,55.78,54.38,57.57,53.61,-,-1.45%
2013-06-14,56.6,54.97,56.97,53.99,-,2.97%
2013-06-13,54.97,59.3,59.3,54.59,-,-7.30%
2013-06-12,59.3,55.24,59.37,54.79,-,5.52%
2013-06-11,56.2,55.53,56.91,53.05,-,6.95%
2013-06-10,52.55,51.66,53.21,50.93,-,-0.23%
2013-06-07,52.67,52.65,52.84,50.13,-,0.04%
2013-06-06,52.65,55.35,57.97,52.4,-,-4.39%
2013-06-05,55.07,54.44,57.5,54.12,-,1.16%
2013-06-04,54.44,54.89,56.65,53.52,-,-1.05%
2013-06-03,55.02,55.15,56.54,54.16,-,-0.24%
2013-05-31,55.15,52.88,55.48,51.73,-,4.29%
2013-05-30,52.88,53.77,54.05,51.26,-,-0.99%
2013-05-29,53.41,53.73,55.65,53.07,-,-0.82%
2013-05-28,53.85,53.8,54.67,51.75,-,0.20%
2013-05-24,53.74,55.13,56.6,53.74,-,-2.66%
2013-05-23,55.21,57.87,58.06,54.48,-,0.60%
2013-05-22,54.88,56.44,59.03,54.85,-,-3.21%
2013-05-21,56.7,56.35,58.05,56.08,-,1.38%
2013-05-20,55.93,57.02,57.76,55.76,-,-1.43%
2013-05-17,56.74,56.16,57.28,55.24,-,-0.82%
2013-05-16,57.21,57.37,58.23,55.56,-,0.81%
2013-05-15,56.75,56.55,58.68,55.97,-,0.51%
2013-05-14,56.46,56.48,57.55,55.49,-,0.66%
2013-05-13,56.09,55.64,57.65,53.92,-,-1.09%
2013-05-10,56.71,55.09,57.55,54.47,-,2.48%
2013-05-09,55.34,53.13,56.59,50.47,-,5.39%
2013-05-08,52.51,51.8,54.12,51.3,-,1.37%
2013-05-07,51.8,50.96,52.23,49.82,-,0.58%
2013-05-06,51.5,52.04,52.59,50.89,-,-1.04%
2013-05-03,52.04,50.93,52.75,50.77,-,-1.35%
2013-05-02,52.75,54.14,54.14,51.91,-,-2.57%
2013-05-01,54.14,52.3,54.52,50.62,-,5.09%
2013-04-30,51.52,51.73,53.74,50.3,-,-0.77%
2013-04-29,51.92,52.79,52.79,50.47,-,-1.65%
2013-04-26,52.79,51.65,54.96,51.65,-,2.21%
2013-04-25,51.65,51.83,52.47,50.64,-,-0.35%
2013-04-24,51.83,51.12,52.07,50.75,-,1.51%
2013-04-23,51.06,54.97,54.97,50.88,-,-7.35%
2013-04-22,55.11,55.01,57.87,54.41,-,-1.61%
2013-04-19,56.01,58.28,58.28,54.55,-,-3.89%
2013-04-18,58.28,56.05,59.59,55.42,-,3.98%
2013-04-17,56.05,52.83,58.71,52.83,-,6.10%
2013-04-16,52.83,57.92,57.92,52.36,-,-9.01%
2013-04-15,58.06,51.59,58.7,50.48,-,12.54%
2013-04-12,51.59,52.25,53.57,50.97,-,1.22%
2013-04-11,50.97,51.27,51.48,50.03,-,-0.59%
2013-04-10,51.27,52.97,52.97,50.8,-,-3.21%
2013-04-09,52.97,52.52,54.14,52.37,-,0.40%
2013-04-08,52.76,55.5,55.62,52.66,-,-4.92%
2013-04-05,55.49,56.08,60.08,55.16,-,-1.05%
2013-04-04,56.08,57.61,59.1,56.08,-,-2.66%
2013-04-03,57.61,55.73,58.46,55.39,-,3.00%
2013-04-02,55.93,57.56,57.56,54.85,-,-2.83%
2013-04-01,57.56,55.77,58.33,51.17,-,3.17%
2013-03-28,55.79,55.26,56.42,54.28,-,0.14%
2013-03-27,55.71,57.31,57.64,55.01,-,1.59%
2013-03-26,54.84,53.46,55.65,53.39,-,0.04%
2013-03-25,54.82,55.26,57.92,53.31,-,-0.65%
2013-03-22,55.18,55.7,56.17,54.39,-,-0.93%
2013-03-21,55.7,55.36,56.89,54.65,-,0.98%
2013-03-20,55.16,55.06,56.29,53.85,-,-3.50%
2013-03-19,57.16,57.67,61.24,56.86,-,-1.52%
2013-03-18,58.04,55.49,58.65,55.49,-,4.60%
2013-03-15,55.49,53.92,55.97,53.42,-,3.47%
2013-03-14,53.63,54.96,55.1,53.63,-,-2.42%
2013-03-13,54.96,55.31,56.65,54.96,-,-1.42%
2013-03-12,55.75,54.62,57.81,54.62,-,2.07%
2013-03-11,54.62,55.44,56.23,54.41,-,-1.48%
2013-03-08,55.44,54.02,56.23,54.02,-,0.60%
2013-03-07,55.11,56.03,56.14,54.79,-,-1.64%
2013-03-06,56.03,55.44,56.81,54.44,-,1.06%
2013-03-05,55.44,55.98,56.5,54.74,-,-0.96%
2013-03-04,55.98,59.94,60.06,55.84,-,-6.61%
2013-03-01,59.94,61.19,61.79,58.63,-,-0.13%
2013-02-28,60.02,59.35,60.21,56.94,-,1.33%
2013-02-27,59.23,61.12,61.12,56.35,-,-2.87%
2013-02-26,60.98,62.16,63.53,60,-,-4.51%
2013-02-25,63.86,56.59,64.39,56.44,-,9.65%
2013-02-22,58.24,60.07,60.07,58.1,-,-3.05%
2013-02-21,60.07,60.84,62.46,59.79,-,-1.09%
2013-02-20,60.73,57.46,60.77,56.8,-,5.69%
2013-02-19,57.46,57.77,59.6,57.05,-,-0.54%
2013-02-15,57.77,57.27,59.01,56.39,-,-0.02%
2013-02-14,57.78,59.71,59.71,57.35,-,-1.42%
2013-02-13,58.61,58.77,59.3,57.26,-,1.86%
2013-02-12,57.54,56.05,59.17,56.05,-,0.89%
2013-02-11,57.03,57.61,58.55,56.69,-,-1.01%
2013-02-08,57.61,58.89,59.05,57.33,-,-2.16%
2013-02-07,58.88,60.24,62.62,58.88,-,-2.26%
2013-02-06,60.24,61.12,62.23,60.02,-,-1.44%
2013-02-05,61.12,61.93,62.57,60.01,-,-2.32%
2013-02-04,62.57,60.42,63.22,60.42,-,3.56%
2013-02-01,60.42,61.66,62.12,58.12,-,-3.90%
2013-01-31,62.87,61.42,63.2,60.96,-,2.36%
2013-01-30,61.42,59.54,61.78,59.54,-,3.16%
2013-01-29,59.54,60.84,62.2,58.25,-,-2.14%
2013-01-28,60.84,60.79,62.45,60.25,-,-0.93%
2013-01-25,61.41,61.61,62.62,61.06,-,-0.31%
2013-01-24,61.6,60.44,63.89,60.44,-,1.92%
2013-01-23,60.44,61.54,62.38,60.21,-,-0.66%
2013-01-22,60.84,62.49,63.86,60.82,-,-2.64%
2013-01-18,62.49,62.2,63.37,61.66,-,-0.22%
2013-01-17,62.63,63.08,63.51,61.92,-,-0.71%
2013-01-16,63.08,62.67,63.91,61.78,-,0.11%
2013-01-15,63.01,63.04,63.22,61.72,-,1.37%
2013-01-14,62.16,61.45,63.06,61.45,-,1.22%
2013-01-11,61.41,61.07,62.78,60.88,-,0.56%
2013-01-10,61.07,63.61,63.75,60.92,-,-3.99%
2013-01-09,63.61,62.74,64.04,61.92,-,1.18%
2013-01-08,62.87,62.01,64.03,61.4,-,1.39%
2013-01-07,62.01,63.09,63.21,61.76,-,1.01%
2013-01-04,61.39,61.61,61.61,59.53,-,-0.36%
2013-01-03,61.61,59.79,62.26,59.79,-,3.10%
2013-01-02,59.76,56.62,62.51,56.62,-,-1.78%
2012-12-31,60.84,71.38,71.38,60.77,-,-14.77%
2012-12-28,71.38,69.12,71.38,66.79,-,4.74%
2012-12-27,68.15,68.74,71.01,66.7,-,-0.86%
2012-12-26,68.74,66.58,69.49,66.31,-,1.75%
2012-12-24,67.56,65.59,67.56,65.2,-,3.00%
2012-12-21,65.59,64.58,69.31,64.58,-,1.56%
2012-12-20,64.58,65.59,66.57,63.82,-,-1.85%
2012-12-19,65.8,63,66.43,62.88,-,4.46%
2012-12-18,62.99,64.66,65.2,62.31,-,-2.88%
2012-12-17,64.86,66.02,66.65,64.6,-,-1.40%
2012-12-14,65.78,65.92,67.74,62.85,-,-0.21%
2012-12-13,65.92,65.74,67.14,65.12,-,0.08%
2012-12-12,65.87,63.81,66.1,63.28,-,3.23%
2012-12-11,63.81,62.3,65.32,61.55,-,2.42%
2012-12-10,62.3,63.96,63.96,62.3,-,-1.63%
2012-12-07,63.33,63.07,64.8,62.53,-,-0.78%
2012-12-06,63.83,63.83,64.56,63,-,0.00%
2012-12-05,63.83,65.12,65.91,62.64,-,-1.98%
2012-12-04,65.12,64.16,65.54,63.33,-,1.50%
2012-12-03,64.16,63.76,64.41,57.14,-,2.43%
2012-11-30,62.64,61.71,64.04,61.57,-,1.51%
2012-11-29,61.71,62.58,63.18,61.13,-,-1.39%
2012-11-28,62.58,63.81,66.3,62.07,-,-1.93%
2012-11-27,63.81,62.47,64.22,61.83,-,2.15%
2012-11-26,62.47,63.02,63.63,61.77,-,0.71%
2012-11-23,62.03,63.02,63.02,61.65,-,-1.57%
2012-11-21,63.02,61.54,63.78,60.35,-,2.40%
2012-11-20,61.54,61.51,62.87,60.39,-,-0.57%
2012-11-19,61.89,63.48,65.13,60.22,-,-2.50%
2012-11-16,63.48,66.53,67.05,63.4,-,-4.58%
2012-11-15,66.53,67.19,68.07,65.57,-,-0.98%
2012-11-14,67.19,65.76,67.88,63.54,-,2.17%
2012-11-13,65.76,65.76,66.43,63.1,-,0.92%
2012-11-12,65.16,67.12,67.33,64.62,-,-2.92%
2012-11-09,67.12,67.56,67.87,64.43,-,1.21%
2012-11-08,66.32,66.9,67.22,64.85,-,-0.42%
2012-11-07,66.6,63.18,67.37,63.18,-,5.56%
2012-11-06,63.09,64.49,64.85,62.32,-,-2.52%
2012-11-05,64.72,64.21,66.05,63.44,-,1.36%
2012-11-02,63.85,62.23,63.92,61.62,-,1.43%
2012-11-01,62.95,65.6,66.05,62.89,-,-6.35%
2012-10-31,67.22,64.62,67.33,64.55,-,2.38%
2012-10-26,65.66,65.89,67.92,65.26,-,0.41%
2012-10-25,65.39,67.76,68.16,65.2,-,-3.50%
2012-10-24,67.76,67.01,68.89,65.44,-,1.12%
2012-10-23,67.01,64.24,68.45,64.24,-,4.31%
2012-10-22,64.24,65.26,66.7,63.9,-,-1.47%
2012-10-19,65.2,62.19,66.14,61.77,-,5.31%
2012-10-18,61.91,62.2,62.56,61.22,-,1.14%
2012-10-17,61.21,61.39,62.81,60.66,-,-0.29%
2012-10-16,61.39,61.68,61.98,60.28,-,-0.47%
2012-10-15,61.68,62.81,63.17,61.23,-,-2.45%
2012-10-12,63.23,62.35,63.86,61.43,-,0.21%
2012-10-11,63.1,63.46,65.16,61.72,-,-3.16%
2012-10-10,65.16,66.13,66.48,63.75,-,-1.09%
2012-10-09,65.88,64.88,66.03,63.25,-,1.62%
2012-10-08,64.83,64.61,65.84,62.38,-,0.90%
2012-10-05,64.25,63.81,65.91,63.09,-,-2.68%
2012-10-04,66.02,66.78,68.08,64.62,-,-1.11%
2012-10-03,66.76,66.82,67.78,65.82,-,-0.89%
2012-10-02,67.36,67.04,68.86,65.9,-,-0.49%
2012-10-01,67.69,67.38,68.75,63.31,-,0.46%
2012-09-28,67.38,67.19,68.25,65.41,-,0.28%
2012-09-27,67.19,69.45,69.71,66.38,-,-4.22%
2012-09-26,70.15,68.87,70.54,67.9,-,2.87%
2012-09-25,68.19,66.66,69.05,65.4,-,2.87%
2012-09-24,66.29,70.17,70.17,66.06,-,-2.69%
2012-09-21,68.12,66.47,69.18,65.66,-,2.48%
2012-09-20,66.47,66.96,67.47,65.46,-,2.15%
2012-09-19,65.07,65.28,65.28,63.68,-,0.15%
2012-09-18,64.97,66.43,67.29,64.85,-,-1.44%
2012-09-17,65.92,66.21,67.71,64.99,-,-0.44%
2012-09-14,66.21,62.76,66.81,61.89,-,5.50%
2012-09-13,62.76,66.49,67.04,61.25,-,-5.30%
2012-09-12,66.27,67.71,68.14,64.4,-,-1.98%
2012-09-11,67.61,67.74,68.61,65.45,-,-0.19%
2012-09-10,67.74,67.85,68.23,62.58,-,-0.16%
2012-09-07,67.85,68.64,69.71,63.98,-,-1.15%
2012-09-06,68.64,68.26,69.71,66.85,-,0.70%
2012-09-05,68.16,69.86,69.86,65.55,-,-2.43%
2012-09-04,69.86,73.24,74.52,69.84,-,-2.74%
2012-08-31,71.83,70.84,74.46,69.92,-,-0.06%
2012-08-30,71.87,74.74,74.77,71.03,-,-2.72%
2012-08-29,73.88,72.17,73.94,70.56,-,4.45%
2012-08-28,70.73,73.42,73.42,70.34,-,-3.66%
2012-08-27,73.42,70.97,73.99,70.97,-,3.45%
2012-08-24,70.97,74.56,74.56,70.23,-,-5.07%
2012-08-23,74.76,75.97,76.9,73.46,-,0.01%
2012-08-22,74.75,74.23,76.89,73.65,-,-0.16%
2012-08-21,74.87,73,75.36,72.23,-,2.11%
2012-08-20,73.32,74.57,74.97,72.49,-,0.49%
2012-08-17,72.96,74.19,74.19,72.45,-,-1.66%
2012-08-16,74.19,75.3,75.88,73.13,-,-1.47%
2012-08-15,75.3,74.55,76.04,72.59,-,0.59%
2012-08-14,74.86,72.66,75.89,71.66,-,3.99%
2012-08-13,71.99,74.55,74.55,71.79,-,-3.43%
2012-08-10,74.55,73.56,75.35,73.12,-,1.35%
2012-08-09,73.56,73.01,75.29,72.63,-,0.75%
2012-08-08,73.01,74.37,75.26,72.78,-,-1.83%
2012-08-07,74.37,72.69,74.96,71.09,-,2.31%
2012-08-06,72.69,71.88,72.84,71.08,-,0.62%
2012-08-03,72.24,69.77,73.36,69.77,-,-0.67%
2012-08-02,72.73,74.97,75.57,71.93,-,-1.84%
2012-08-01,74.09,74.64,82.49,72.45,-,-0.74%
2012-07-31,74.64,73.8,75.05,72.59,-,1.14%
2012-07-30,73.8,74.02,74.89,72.44,-,0.83%
2012-07-27,73.19,72.51,74.91,68.82,-,-0.16%
2012-07-26,73.31,74.33,75.02,63.46,-,-1.37%
2012-07-25,74.33,77.3,77.49,69.91,-,-3.84%
2012-07-24,77.3,75,79.83,74.41,-,3.07%
2012-07-23,75,75.44,77.47,73.83,-,3.86%
2012-07-20,72.21,70.94,74.16,70.94,-,1.79%
2012-07-19,70.94,71.54,72.99,70.21,-,-0.32%
2012-07-18,71.17,71.96,73.1,69.74,-,0.79%
2012-07-17,70.61,73.43,73.61,69.22,-,-3.71%
2012-07-16,73.33,73.88,74.36,72.12,-,-0.30%
2012-07-13,73.55,73.92,74.57,71.43,-,-1.17%
2012-07-12,74.42,74.39,77.75,73.39,-,0.04%
2012-07-11,74.39,75.17,77.3,74.05,-,-0.91%
2012-07-10,75.07,73.46,76.73,71.39,-,1.47%
2012-07-09,73.98,75.4,75.5,73.15,-,0.37%
2012-07-06,73.71,74.04,76.47,72.99,-,-0.45%
2012-07-05,74.04,71.85,74.9,70.85,-,3.05%
2012-07-03,71.85,71.74,72.82,70.6,-,0.15%
2012-07-02,71.74,70.49,73.13,69.8,-,1.77%
2012-06-29,70.49,69.3,74.97,69.25,-,-3.62%
2012-06-28,73.14,74.68,76.67,72.84,-,0.41%
2012-06-27,72.84,73.4,74.83,72.54,-,-0.76%
2012-06-26,73.4,74.66,75.71,71.13,-,-2.79%
2012-06-25,75.51,77.74,77.74,73.11,-,0.90%
2012-06-22,74.84,73.63,76.7,72.6,-,-0.97%
2012-06-21,75.57,72.98,77.76,71.94,-,2.77%
2012-06-20,73.53,74.34,78.15,72.26,-,-1.35%
2012-06-19,74.54,74.03,74.68,71.39,-,0.69%
2012-06-18,74.03,73.19,77.96,73.19,-,1.15%
2012-06-15,73.19,73.54,76.36,72.52,-,-0.52%
2012-06-14,73.57,76.45,77.65,73.51,-,-3.84%
2012-06-13,76.51,76.92,78.13,74.67,-,1.81%
2012-06-12,75.15,78.79,80.87,74.29,-,-4.62%
2012-06-11,78.79,76.61,80.42,73.19,-,2.94%
2012-06-08,76.54,76.07,78.69,74.81,-,0.62%
2012-06-07,76.07,71.73,77.21,71.37,-,1.37%
2012-06-06,75.04,75.27,76.17,73.84,-,-0.79%
2012-06-05,75.64,76.11,77.28,74.22,-,-1.09%
2012-06-04,76.47,77.29,78.19,74.66,-,-1.06%
2012-06-01,77.29,74.47,77.29,70.13,-,3.79%
2012-05-31,74.47,75.79,76.61,71.96,-,-0.85%
2012-05-30,75.11,71.84,75.11,71.84,-,4.55%
2012-05-29,71.84,73.26,73.82,71.16,-,-1.94%
2012-05-25,73.26,71.8,75.12,71.73,-,2.03%
2012-05-24,71.8,72.29,74.74,70.76,-,-0.68%
2012-05-23,72.29,73.15,73.46,69.86,-,-0.08%
2012-05-22,72.35,72.64,73.59,68.77,-,-0.40%
2012-05-21,72.64,74.79,74.79,71.44,-,-2.87%
2012-05-18,74.79,72.57,76.61,71.18,-,1.56%
2012-05-17,73.64,72.93,74.46,69.3,-,0.97%
2012-05-16,72.93,73.12,74.72,68.37,-,-1.84%
2012-05-15,74.3,75.35,76.68,67.81,-,-1.39%
2012-05-14,75.35,74.21,76.27,68.77,-,1.54%
2012-05-11,74.21,74.15,74.28,71.18,-,2.81%
2012-05-10,72.18,71.9,74.13,70.79,-,-1.74%
2012-05-09,73.46,74.46,74.84,71.75,-,1.62%
2012-05-08,72.29,73.09,76.72,68.41,-,-1.20%
2012-05-07,73.17,74.92,75.06,72.17,-,-2.40%
2012-05-04,74.97,73.14,75.47,72.42,-,3.08%
2012-05-03,72.73,72.17,74.29,70.79,-,0.78%
2012-05-02,72.17,73.65,74.34,71.38,-,-0.19%
2012-05-01,72.31,72.24,73.06,65.78,-,-0.70%
2012-04-30,72.82,72.06,74.31,70.18,-,1.05%
2012-04-27,72.06,73.09,73.26,71.18,-,-1.41%
2012-04-26,73.09,73.55,78.27,68.35,-,-0.57%
2012-04-25,73.51,75.18,76.97,73.33,-,-4.61%
2012-04-24,77.06,76.94,80.03,76.27,-,0.16%
2012-04-23,76.94,78.97,79.1,74.94,-,2.67%
2012-04-20,74.94,75.73,75.78,73.14,-,-1.04%
2012-04-19,75.73,74.45,77.27,71.43,-,1.05%
2012-04-18,74.94,73.91,75.45,72.32,-,0.46%
2012-04-17,74.6,75.1,76.03,72,-,-0.67%
2012-04-16,75.1,74.04,77.02,72.76,-,0.66%
2012-04-13,74.61,72.35,76.01,71.56,-,5.29%
2012-04-12,70.86,75.27,76.38,70.86,-,-6.34%
2012-04-11,75.66,72.55,75.99,72.55,-,1.91%
2012-04-10,74.24,72.57,77.05,71.79,-,2.30%
2012-04-09,72.57,74.05,74.53,70.14,-,1.04%
2012-04-05,71.82,70.58,72.33,69.33,-,1.76%
2012-04-04,70.58,70.21,72.68,68.48,-,3.07%
2012-04-03,68.48,68.77,70.27,65.91,-,-0.77%
2012-04-02,69.01,68.55,69.27,65.8,-,0.67%
2012-03-30,68.55,68.47,69.08,65.07,-,0.12%
2012-03-29,68.47,69.33,70.27,66.79,-,0.01%
2012-03-28,68.46,69.3,70.72,67.26,-,0.13%
2012-03-27,68.37,68.22,69.19,66.05,-,1.51%
2012-03-26,67.35,69.37,70.87,67.11,-,-4.52%
2012-03-23,70.54,73.16,74.58,70.2,-,-3.58%
2012-03-22,73.16,75.4,76.45,70.85,-,-0.29%
2012-03-21,73.37,75.65,75.65,72.12,-,-3.01%
2012-03-20,75.65,78.07,78.24,74.78,-,0.24%
2012-03-19,75.47,78,78.44,75.44,-,-1.86%
2012-03-16,76.9,75.59,76.9,74.75,-,0.13%
2012-03-15,76.8,76.48,77.19,74.8,-,0.42%
2012-03-14,76.48,75.22,77.42,73.33,-,1.68%
2012-03-13,75.22,75.46,77.04,74.1,-,-2.70%
2012-03-12,77.31,77.67,78.24,76.05,-,-0.46%
2012-03-09,77.67,78.2,79.17,76.31,-,-0.68%
2012-03-08,78.2,80.05,80.19,77.34,-,-2.31%
2012-03-07,80.05,80.18,81.21,79.24,-,-0.16%
2012-03-06,80.18,79.4,82.99,79.4,-,0.91%
2012-03-05,79.46,80.08,81.16,78.82,-,-0.77%
2012-03-02,80.08,78.57,80.47,78.22,-,1.83%
2012-03-01,78.64,81.84,81.84,78.53,-,-3.91%
2012-02-29,81.84,81.33,82.17,79.91,-,-0.12%
2012-02-28,81.94,82.14,83.35,81.18,-,-0.24%
2012-02-27,82.14,81.8,82.96,79.99,-,2.13%
2012-02-24,80.43,79.79,81.76,79.06,-,-0.15%
2012-02-23,80.55,82.6,83.96,80.26,-,-2.48%
2012-02-22,82.6,82.08,84.22,81.91,-,2.20%
2012-02-17,80.82,77.56,83.48,75.97,-,4.20%
2012-02-16,77.56,83.37,84.77,76.71,-,-6.97%
2012-02-15,83.37,81.29,84.54,79.29,-,3.54%
2012-02-14,80.52,79.95,82.53,79.15,-,1.12%
2012-02-13,79.63,78.7,80.34,78.18,-,0.52%
2012-02-10,79.22,81.22,81.65,78.93,-,-1.18%
2012-02-09,80.17,78.54,80.54,77.91,-,2.08%
2012-02-08,78.54,78,79.57,76.14,-,0.69%
2012-02-07,78,77.41,78.24,74.85,-,0.58%
2012-02-06,77.55,77.4,78.23,75.44,-,0.19%
2012-02-03,77.4,77.12,79.53,76.15,-,-2.58%
2012-02-02,79.45,80.84,81.88,78.67,-,-0.68%
2012-02-01,79.99,80.33,85.61,78.56,-,-0.70%
2012-01-31,80.55,79.73,81.78,78.27,-,1.03%
2012-01-30,79.73,79.91,80.57,78.79,-,1.59%
2012-01-27,78.48,79.48,80.66,76.66,-,-1.26%
2012-01-26,79.48,78.55,80.13,77.92,-,0.63%
2012-01-25,78.98,80.49,81.12,77.34,-,0.50%
2012-01-24,78.59,78.7,80.14,78.03,-,-0.73%
2012-01-23,79.17,78.63,79.85,77.44,-,0.69%
2012-01-20,78.63,78.43,80.23,77.9,-,0.47%
2012-01-19,78.26,77.78,78.88,76.49,-,0.32%
2012-01-18,78.01,80.67,81.92,77.9,-,-2.37%
2012-01-17,79.9,78.54,80.04,77.06,-,1.51%
2012-01-13,78.71,77.77,80.9,77.77,-,1.21%
2012-01-12,77.77,78.86,79.49,77.34,-,-0.68%
2012-01-11,78.3,78.5,79.16,77.22,-,0.75%
2012-01-10,77.72,78.8,78.8,76.43,-,-1.37%
2012-01-09,78.8,77.36,78.88,77.17,-,1.86%
2012-01-06,77.36,77.1,78.37,76.06,-,0.34%
2012-01-05,77.1,78.23,79.07,76.26,-,-0.41%
2012-01-04,77.42,80.03,80.56,77.17,-,-1.83%
2012-01-03,78.86,79.36,80.58,77.69,-,-0.63%
2011-12-30,79.36,79.48,80.52,78.34,-,-0.24%
2011-12-29,79.55,81.36,82.08,79.07,-,-2.20%
2011-12-28,81.34,79.67,81.73,79.46,-,2.10%
2011-12-27,79.67,83.22,83.24,79.45,-,-3.77%
2011-12-23,82.79,80.22,83.55,79.73,-,3.89%
2011-12-22,79.69,79.15,80.51,76.75,-,1.01%
2011-12-21,78.89,81.28,83.03,78.21,-,-3.10%
2011-12-20,81.41,83.35,83.77,76.06,-,-5.73%
2011-12-19,86.36,86.4,87.55,85.1,-,-0.79%
2011-12-16,87.05,86.43,88.63,85.55,-,0.15%
2011-12-15,86.92,87.1,89,80.75,-,-0.21%
2011-12-14,87.1,86.34,91.15,85.68,-,0.73%
2011-12-13,86.47,81.64,88.97,79.28,-,3.52%
2011-12-12,83.53,80.52,84.98,80.52,-,3.26%
2011-12-09,80.89,83.72,84.26,77.6,-,-3.66%
2011-12-08,83.96,83.89,85.18,82.9,-,0.80%
2011-11-22,83.29,84.42,84.42,83.29,-,86.21%
