Date,ShortVolume,ShortExemptVolume,TotalVolume
2018-11-26,9780559.0,753.0,16602815.0
2018-11-23,4383064.0,698.0,11847353.0
2018-11-21,7730668.0,1340.0,15539418.0
2018-11-20,20033279.0,11388.0,27701604.0
2018-11-19,9815152.0,7956.0,16252212.0
2018-11-16,14905498.0,5496.0,30103641.0
2018-11-15,14173973.0,4870.0,23041545.0
2018-11-14,13721995.0,19722.0,21440912.0
2018-11-13,8054208.0,1249.0,13757849.0
2018-11-12,10272015.0,6871.0,15385581.0
2018-11-09,12460079.0,2928.0,19329606.0
2018-11-08,5999146.0,3841.0,10337158.0
2018-11-07,11629013.0,1694.0,18727248.0
2018-11-06,5663746.0,1751.0,8862058.0
2018-11-05,7306889.0,586.0,11667451.0
2018-11-02,8358558.0,7749.0,18756637.0
2018-11-01,12999709.0,604.0,25362817.0
2018-10-31,12613549.0,4225.0,19680313.0
2018-10-30,16836410.0,12363.0,24086027.0
2018-10-29,24776180.0,6391.0,32821802.0
2018-10-26,18691943.0,6407.0,27700395.0
2018-10-25,15702957.0,3571.0,26802325.0
2018-10-24,18422662.0,9035.0,27945059.0
2018-10-23,9747475.0,8902.0,20179203.0
2018-10-22,7186699.0,3986.0,13622923.0
2018-10-19,18616217.0,1843.0,37002087.0
2018-10-18,16524591.0,1311.0,23578904.0
2018-10-17,10359011.0,1772.0,20433925.0
2018-10-16,15964433.0,2924.0,28666634.0
2018-10-15,9112024.0,2306.0,20011435.0
2018-10-12,16769552.0,4706.0,38303851.0
2018-10-11,28339139.0,11383.0,54735203.0
2018-10-10,24775320.0,17683.0,39860646.0
2018-10-09,6239515.0,520.0,11132202.0
2018-10-08,10406044.0,661.0,13943714.0
2018-10-05,11393465.0,271.0,17243994.0
2018-10-04,13369062.0,310.0,21203433.0
2018-10-03,5778822.0,2070.0,11975848.0
2018-10-02,4020557.0,706.0,7771585.0
2018-10-01,6457731.0,1805.0,11820647.0
2018-09-28,5678036.0,0.0,9258886.0
2018-09-27,2515721.0,20.0,10169330.0
2018-09-26,7166396.0,2285.0,11993529.0
2018-09-25,4177063.0,0.0,9004622.0
2018-09-24,5289031.0,153.0,8667748.0
2018-09-21,10374594.0,100.0,42256521.0
2018-09-20,18269607.0,19285.0,33525895.0
2018-09-19,6747580.0,0.0,10624178.0
2018-09-18,9789583.0,800.0,14440838.0
2018-09-17,12236300.0,4488.0,18692438.0
2018-09-14,6357208.0,150.0,11117155.0
2018-09-13,6061308.0,223.0,8866656.0
2018-09-12,5328361.0,0.0,11352315.0
2018-09-11,4309772.0,159.0,8174854.0
2018-09-10,6293035.0,3.0,10846736.0
2018-09-07,7081013.0,1000.0,11083940.0
2018-09-06,6515655.0,801.0,9071695.0
2018-09-05,9646089.0,845.0,13983537.0
2018-09-04,7056874.0,8070.0,11138887.0
2018-08-31,6922576.0,37036.0,13725704.0
2018-08-30,5447732.0,143.0,12235180.0
2018-08-29,9468902.0,1450.0,17892110.0
2018-08-28,6392227.0,347.0,11340619.0
2018-08-27,8969734.0,10061.0,16948984.0
2018-08-24,5282265.0,5009.0,8831162.0
2018-08-23,4942986.0,388.0,9672089.0
2018-08-22,3913784.0,154.0,9920484.0
2018-08-21,7535903.0,3886.0,11693449.0
2018-08-20,3510014.0,1334.0,9629495.0
2018-08-17,7434966.0,2448.0,15875174.0
2018-08-16,10229355.0,7208.0,15176331.0
2018-08-15,13783688.0,4316.0,20026634.0
2018-08-14,4226374.0,1754.0,7309137.0
2018-08-13,4971538.0,4319.0,9600691.0
2018-08-10,5784355.0,2433.0,15004450.0
2018-08-09,4883999.0,1906.0,9327321.0
2018-08-08,3716744.0,10.0,7321315.0
2018-08-07,4925468.0,1650.0,11009360.0
2018-08-06,4895229.0,1215.0,10642162.0
2018-08-03,5522518.0,11684.0,9488983.0
2018-08-02,4546996.0,3401.0,10637009.0
2018-08-01,4496090.0,1186.0,10508274.0
2018-07-31,4793766.0,5296.0,10146957.0
2018-07-30,5839006.0,26681.0,10709242.0
2018-07-27,7939217.0,3673.0,16110227.0
2018-07-26,5844314.0,1723.0,11489847.0
2018-07-25,10012477.0,331.0,16715158.0
2018-07-24,7315674.0,602.0,13222348.0
2018-07-23,6047438.0,3366.0,10748366.0
2018-07-20,8148671.0,7600.0,22786117.0
2018-07-19,4957865.0,6385.0,9632651.0
2018-07-18,4081550.0,2463.0,7777186.0
2018-07-17,3394643.0,1150.0,11535157.0
2018-07-16,5325638.0,1870.0,8541724.0
2018-07-13,3588334.0,375.0,7827184.0
2018-07-11,7877348.0,1471.0,12899024.0
2018-07-10,6356575.0,2613.0,14342201.0
2018-07-09,5839654.0,3341.0,11969233.0
2018-07-06,6652321.0,13700.0,12157368.0
2018-07-05,8075954.0,3270.0,14045308.0
2018-07-03,5521620.0,1687.0,10826658.0
2018-07-02,8808877.0,3428.0,12260034.0
2018-06-28,9349839.0,8909.0,14121855.0
2018-06-27,10900902.0,32618.0,19529256.0
2018-06-26,5566548.0,4997.0,10968007.0
2018-06-25,16257621.0,8641.0,25965877.0
2018-06-22,3678136.0,77.0,7234468.0
2018-06-21,9397358.0,9767.0,14749604.0
2018-06-20,7567477.0,46958.0,13020795.0
2018-06-19,11507274.0,6151.0,17100372.0
2018-06-18,6381325.0,5217.0,12535533.0
2018-06-15,14910737.0,1551.0,40909932.0
2018-06-14,10014426.0,2768.0,17096133.0
2018-06-13,13954857.0,2362.0,21027153.0
2018-06-12,18107800.0,651.0,26085595.0
2018-06-11,9525019.0,1933.0,13625993.0
2018-06-08,5110004.0,272.0,11437043.0
2018-06-07,9737119.0,1243.0,17132207.0
2018-06-06,8242067.0,3587.0,11479832.0
2018-06-05,6443840.0,2045.0,10358228.0
2018-06-04,6289216.0,4363.0,10203616.0
2018-06-01,9712659.0,7938.0,17290013.0
2018-05-31,11808339.0,4928.0,20034959.0
2018-05-30,11098772.0,7528.0,16573670.0
2018-05-29,13631258.0,28801.0,27739921.0
2018-05-25,8791071.0,3648.0,11602415.0
2018-05-24,10099863.0,2328.0,18561785.0
2018-05-23,9749790.0,1248.0,12881645.0
2018-05-22,5945919.0,4357.0,12048732.0
2018-05-21,6646481.0,5579.0,14474534.0
2018-05-18,15178946.0,1141.0,24097490.0
2018-05-17,8391409.0,4884.0,13537518.0
2018-05-16,5211726.0,4504.0,9926755.0
2018-05-15,11905644.0,8188.0,20681328.0
2018-05-14,8487868.0,1540.0,11752688.0
2018-05-11,7876893.0,2023.0,12055985.0
2018-05-10,13180233.0,1182.0,18938750.0
2018-05-09,7887386.0,5215.0,12666069.0
2018-05-08,6627036.0,6477.0,14169956.0
2018-05-07,5807434.0,1572.0,11287074.0
2018-05-04,7904845.0,6444.0,16088104.0
2018-05-03,14724279.0,1830.0,29197007.0
2018-05-02,7003179.0,1113.0,18711194.0
2018-05-01,6622354.0,2497.0,14079715.0
2018-04-30,5770358.0,6848.0,15237037.0
2018-04-27,5881292.0,1517.0,11003445.0
2018-04-26,7359189.0,8786.0,15574804.0
2018-04-25,9920542.0,3308.0,23933696.0
2018-04-24,14840629.0,21046.0,26093424.0
2018-04-23,8984818.0,1512.0,14833470.0
2018-04-20,22942273.0,1143.0,33528392.0
2018-04-19,9290087.0,16529.0,16428324.0
2018-04-18,7865986.0,3300.0,16374072.0
2018-04-17,10098506.0,1830.0,16091098.0
2018-04-16,7213564.0,5520.0,13752880.0
2018-04-13,12020521.0,21508.0,19105057.0
2018-04-12,6281406.0,5527.0,16048534.0
2018-04-11,11358334.0,1281.0,24985051.0
2018-04-10,10552046.0,9877.0,26024259.0
2018-04-09,11871782.0,9994.0,29083866.0
2018-04-06,16449104.0,12733.0,37592340.0
2018-04-05,7645939.0,389.0,21462014.0
2018-04-04,11862238.0,42230.0,25025374.0
2018-04-03,10418178.0,2438.0,35163725.0
2018-04-02,24441908.0,3331.0,48070641.0
2018-03-29,12015870.0,600.0,26966773.0
2018-03-28,11595263.0,131.0,33800047.0
2018-03-27,12032135.0,4582.0,24411555.0
2018-03-26,21074646.0,5939.0,43722603.0
2018-03-23,21005324.0,11240.0,53020661.0
2018-03-22,17687583.0,11713.0,35469362.0
2018-03-21,9810852.0,11688.0,21430425.0
2018-03-20,8463860.0,8070.0,18299137.0
2018-03-19,14782110.0,20234.0,26604255.0
2018-03-16,13552970.0,15901.0,38394091.0
2018-03-15,13800733.0,16056.0,22209740.0
2018-03-14,9096467.0,2528.0,31287498.0
2018-03-13,11563571.0,13605.0,25815616.0
2018-03-12,11586608.0,20381.0,22590832.0
2018-03-09,23367271.0,6158.0,38308785.0
2018-03-08,6693893.0,14500.0,12407395.0
2018-03-07,14552075.0,5483.0,20982739.0
2018-03-06,12538492.0,9515.0,22579061.0
2018-03-05,16043766.0,4498.0,26107667.0
2018-03-02,14815871.0,100.0,29892881.0
2018-03-01,18132355.0,6423.0,42742033.0
2018-02-28,10427000.0,800.0,21465067.0
2018-02-27,11941004.0,5458.0,19347603.0
2018-02-26,15695694.0,12770.0,25439678.0
2018-02-23,13673356.0,0.0,19362659.0
2018-02-22,16369469.0,1553.0,28194692.0
2018-02-21,8598205.0,0.0,18646071.0
2018-02-20,11979691.0,2506.0,20325093.0
2018-02-16,35836380.0,3718.0,61421567.0
2018-02-15,21750374.0,7790.0,31723235.0
2018-02-14,16090652.0,208.0,27972754.0
2018-02-13,10077829.0,727.0,22773426.0
2018-02-12,22189888.0,0.0,38939700.0
2018-02-09,45519357.0,8.0,75739267.0
2018-02-08,39086991.0,900.0,71365675.0
2018-02-07,26153725.0,10893.0,43304391.0
2018-02-06,44058949.0,7331.0,96474268.0
2018-02-05,25774610.0,2249.0,65065339.0
2018-02-02,15123058.0,2672.0,37374628.0
2018-02-01,7103933.0,1671.0,16483085.0
2018-01-31,8795134.0,625.0,23546749.0
2018-01-30,15500344.0,7020.0,34272907.0
2018-01-29,10015032.0,8336.0,19969240.0
2018-01-26,11049079.0,2863.0,30110003.0
2018-01-25,12141822.0,1146.0,22017052.0
2018-01-24,18978057.0,8438.0,39344746.0
2018-01-23,13639280.0,14028.0,31567848.0
2018-01-22,8165234.0,13844.0,16436835.0
2018-01-19,32455032.0,17800.0,64018990.0
2018-01-18,19314551.0,9990.0,36677857.0
2018-01-17,15790801.0,14572.0,33267096.0
2018-01-16,17729787.0,25895.0,35310501.0
2018-01-12,7282430.0,19114.0,25072915.0
2018-01-11,7327339.0,9061.0,17215257.0
2018-01-10,8760393.0,8988.0,17051216.0
2018-01-09,6629447.0,13826.0,14573385.0
2018-01-08,4026399.0,15667.0,9469338.0
2018-01-05,6529367.0,9698.0,16880210.0
2018-01-04,10607302.0,643.0,20883664.0
2018-01-03,10016961.0,1766.0,20776233.0
2018-01-02,9728031.0,100353.0,18273052.0
2017-12-29,8790117.0,0.0,15105615.0
2017-12-28,7164419.0,896.0,15648124.0
2017-12-27,8757742.0,42431.0,13409182.0
2017-12-26,4676677.0,10784.0,12995946.0
2017-12-22,5980684.0,2827.0,13011974.0
2017-12-21,9787060.0,14910.0,17788031.0
2017-12-20,11337002.0,7355.0,19318299.0
2017-12-19,9222149.0,20031.0,20383605.0
2017-12-18,12801479.0,10599.0,18868144.0
2017-12-15,26089958.0,16863.0,62134027.0
2017-12-14,14761046.0,6455.0,26022277.0
2017-12-13,16777117.0,46368.0,36956582.0
2017-12-12,21402769.0,16398.0,33300662.0
2017-12-11,19211470.0,21494.0,25727923.0
2017-12-08,11769221.0,20821.0,22704393.0
2017-12-07,12912568.0,2182.0,27192398.0
2017-12-06,11170634.0,7140.0,20553022.0
2017-12-05,11745321.0,13670.0,20308187.0
2017-12-04,10678876.0,34523.0,20831689.0
2017-11-30,15294409.0,3899.0,25252942.0
2017-11-29,16567512.0,33656.0,24346433.0
2017-11-28,17996330.0,9883.0,29445040.0
2017-11-27,4966664.0,4713.0,15379770.0
2017-11-24,5729134.0,100.0,9112491.0
2017-11-22,5232366.0,1017.0,11347324.0
2017-11-21,12459613.0,2318.0,17164601.0
2017-11-20,6884347.0,605.0,12190902.0
2017-11-17,14680156.0,6776.0,22333684.0
2017-11-16,8617238.0,45990.0,15657655.0
2017-11-15,8980502.0,15819.0,17901223.0
2017-11-14,5130453.0,5037.0,9408274.0
2017-11-13,5880486.0,7338.0,11568907.0
2017-11-10,5421729.0,6347.0,8878531.0
2017-11-09,6883230.0,11539.0,19968601.0
2017-11-08,3987871.0,693.0,11358013.0
2017-11-07,5263219.0,200.0,15079093.0
2017-11-06,5845660.0,4729.0,16908130.0
2017-11-03,8480169.0,1280.0,11116382.0
2017-11-02,3734667.0,4576.0,9843022.0
2017-11-01,7279321.0,562.0,10766756.0
2017-10-31,4987351.0,3000.0,8185602.0
2017-10-30,3563785.0,1905.0,9996073.0
2017-10-27,11258876.0,28231.0,17952965.0
2017-10-26,13025450.0,7040.0,21567022.0
2017-10-25,11414656.0,10696.0,20850617.0
2017-10-24,8289231.0,13884.0,14985765.0
2017-10-23,5465607.0,5285.0,17671352.0
2017-10-20,18993556.0,12831.0,31071722.0
2017-10-19,6998842.0,6735.0,15989392.0
2017-10-18,3621505.0,3465.0,8151107.0
2017-10-17,5021906.0,3000.0,6873502.0
2017-10-16,5339539.0,9905.0,8432993.0
2017-10-13,5995666.0,11526.0,8317631.0
2017-10-12,5735557.0,4169.0,9602221.0
2017-10-11,9676964.0,9269.0,13176868.0
2017-10-10,4847090.0,9046.0,8642812.0
2017-10-09,5104197.0,5173.0,6908967.0
2017-10-06,10240361.0,16497.0,25182680.0
2017-10-05,6578985.0,10539.0,14405444.0
2017-10-04,6340905.0,2616.0,10874578.0
2017-10-03,5588542.0,7100.0,18268620.0
2017-10-02,4826899.0,67.0,9363025.0
2017-09-29,9825366.0,1232.0,20541289.0
2017-09-28,5447520.0,2401.0,12480549.0
2017-09-27,7485590.0,8812.0,16340198.0
2017-09-26,4511665.0,6442.0,10878918.0
2017-09-25,5859597.0,12283.0,11798191.0
2017-09-22,4924323.0,17813.0,9036720.0
2017-09-21,7747714.0,10670.0,14861788.0
2017-09-20,5633433.0,5889.0,13448669.0
2017-09-19,5711871.0,14470.0,13485721.0
2017-09-18,3503440.0,3429.0,10772417.0
2017-09-15,7847676.0,2438.0,30855310.0
2017-09-14,16649398.0,14870.0,28292319.0
2017-09-13,4928916.0,59925.0,15218865.0
2017-09-12,6905971.0,21335.0,12034083.0
2017-09-11,7889319.0,10915.0,14126822.0
2017-09-08,7470813.0,4461.0,13090525.0
2017-09-07,9553475.0,8761.0,15446089.0
2017-09-06,5783815.0,22154.0,10616722.0
2017-09-05,9199223.0,22071.0,21546826.0
2017-09-01,6186618.0,5702.0,12220850.0
2017-08-31,11539374.0,2695.0,26776221.0
2017-08-30,4738424.0,2600.0,12568000.0
2017-08-29,6508294.0,1200.0,10899470.0
2017-08-28,3006420.0,3860.0,7107610.0
2017-08-25,5122087.0,8559.0,11159189.0
2017-08-24,3165951.0,25166.0,9067977.0
2017-08-23,4456835.0,8618.0,8883582.0
2017-08-22,9111192.0,25873.0,11831235.0
2017-08-21,7358204.0,18003.0,10550180.0
2017-08-18,21352831.0,20086.0,38490075.0
2017-08-17,15976201.0,22752.0,31572977.0
2017-08-16,5706500.0,14536.0,9398423.0
2017-08-15,9750062.0,6424.0,15009726.0
2017-08-14,7712629.0,12806.0,11778784.0
2017-08-11,5457689.0,13237.0,10406810.0
2017-08-10,12768237.0,21195.0,22646179.0
2017-08-09,8371692.0,27237.0,12118285.0
2017-08-08,7759149.0,5940.0,12678482.0
2017-08-07,5849713.0,2658.0,7417792.0
2017-08-04,4842867.0,1642.0,12314776.0
2017-08-03,4263024.0,5702.0,7693432.0
2017-08-02,5260200.0,7975.0,7803338.0
2017-08-01,5124551.0,15906.0,10340483.0
2017-07-31,5146697.0,13340.0,9039921.0
2017-07-28,4380818.0,24709.0,8242301.0
2017-07-27,7582367.0,6794.0,13533555.0
2017-07-26,4771525.0,14254.0,8445777.0
2017-07-25,10504577.0,19272.0,15457335.0
2017-07-24,3993978.0,3970.0,6798105.0
2017-07-21,12934764.0,413305.0,39660098.0
2017-07-20,5639352.0,6979.0,9060266.0
2017-07-19,3977688.0,3022.0,12850237.0
2017-07-18,3974262.0,9201.0,7928446.0
2017-07-17,3425086.0,7689.0,6773774.0
2017-07-14,6036304.0,3350.0,11659802.0
2017-07-13,4093628.0,2830.0,8495965.0
2017-07-12,6108447.0,7493.0,11828727.0
2017-07-11,7369416.0,18322.0,11580981.0
2017-07-10,5328513.0,9276.0,7347558.0
2017-07-07,5122934.0,20112.0,11511466.0
2017-07-06,5342123.0,17324.0,10499337.0
2017-07-05,6035645.0,21722.0,12497467.0
2017-07-03,3051264.0,47556.0,11011490.0
2017-06-30,6269486.0,14091.0,12339905.0
2017-06-29,8050697.0,19574.0,19430928.0
2017-06-28,9618215.0,8039.0,15704789.0
2017-06-27,6427419.0,3700.0,18955427.0
2017-06-26,4167558.0,4649.0,11184538.0
2017-06-23,6366967.0,10808.0,12019001.0
2017-06-22,4059057.0,400.0,7824474.0
2017-06-21,4251964.0,10114.0,11659973.0
2017-06-20,4153702.0,30671.0,11030373.0
2017-06-19,5927426.0,9779.0,14456514.0
2017-06-16,11875863.0,29454.0,22776242.0
2017-06-15,7593006.0,6577.0,12995411.0
2017-06-14,11001410.0,1377.0,18245513.0
2017-06-13,9013441.0,3028.0,15313645.0
2017-06-12,16254956.0,53280.0,24294113.0
2017-06-09,15266720.0,78247.0,27972865.0
2017-06-08,9844934.0,2824.0,18265174.0
2017-06-07,5069505.0,21080.0,10221792.0
2017-06-06,6089367.0,21411.0,12109393.0
2017-06-05,3378472.0,7950.0,7811554.0
2017-06-02,7024064.0,8289.0,12709282.0
2017-06-01,6501501.0,30533.0,13364317.0
2017-05-31,10336143.0,22739.0,17694839.0
2017-05-30,3769659.0,3233.0,6266935.0
2017-05-26,3521857.0,300.0,6001775.0
2017-05-25,11207069.0,7350.0,17614746.0
2017-05-24,7954499.0,10188.0,10350958.0
2017-05-23,7729338.0,18728.0,12440388.0
2017-05-22,8138769.0,27574.0,12757524.0
2017-05-19,17700806.0,33325.0,36075193.0
2017-05-18,11489567.0,28053.0,21777504.0
2017-05-17,19176974.0,14643.0,41367560.0
2017-05-16,6138542.0,5612.0,11113202.0
2017-05-15,6039251.0,6327.0,14057250.0
2017-05-12,4644414.0,9628.0,10570835.0
2017-05-11,6868745.0,16582.0,14614697.0
2017-05-10,7300311.0,8431.0,15911918.0
2017-05-09,7854514.0,9507.0,11510552.0
2017-05-08,5046241.0,8129.0,14349518.0
2017-05-05,5714671.0,8568.0,10220141.0
2017-05-04,5222848.0,8806.0,16312910.0
2017-05-03,6606017.0,35085.0,18341752.0
2017-05-02,6745324.0,17438.0,15016710.0
2017-05-01,5890556.0,10315.0,9101869.0
2017-04-28,6248204.0,88231.0,10971705.0
2017-04-27,6410867.0,54520.0,10719889.0
2017-04-26,10577951.0,47001.0,19871379.0
2017-04-25,9465652.0,59579.0,16667454.0
2017-04-24,18735245.0,35389.0,37253531.0
2017-04-21,21213109.0,58030.0,41825354.0
2017-04-20,14759089.0,39165.0,24426901.0
2017-04-19,5638153.0,1908.0,12608430.0
2017-04-18,9820338.0,5900.0,27408896.0
2017-04-17,9203783.0,8000.0,16461218.0
2017-04-13,6748191.0,11068.0,16354678.0
2017-04-12,10580629.0,15099.0,17744376.0
2017-04-11,7880535.0,3471.0,21328876.0
2017-04-10,8694327.0,19809.0,19817721.0
2017-04-07,5740764.0,5833.0,11391263.0
2017-04-06,8790943.0,2100.0,15792211.0
2017-04-05,10030411.0,48620.0,18185697.0
2017-04-04,5037370.0,51231.0,10076203.0
2017-04-03,7793632.0,8359.0,20294360.0
2017-03-31,7250427.0,80734.0,13181839.0
2017-03-30,3699473.0,41001.0,12529605.0
2017-03-29,4792696.0,91262.0,11924672.0
2017-03-28,9741013.0,39465.0,21458383.0
2017-03-27,9669456.0,77699.0,21056900.0
2017-03-24,7755010.0,1500.0,19335725.0
2017-03-23,10942973.0,77207.0,21198617.0
2017-03-22,15298592.0,64730.0,25611452.0
2017-03-21,18406241.0,80509.0,35401105.0
2017-03-20,5994240.0,11058.0,13737013.0
2017-03-17,11799231.0,222044.0,25173179.0
2017-03-16,8833472.0,68582.0,24849682.0
2017-03-15,10703384.0,27951.0,18344859.0
2017-03-14,8050727.0,41128.0,15025892.0
2017-03-13,6653468.0,23803.0,11167987.0
2017-03-10,9276112.0,31508.0,18719877.0
2017-03-09,12847006.0,111547.0,21403048.0
2017-03-08,9508428.0,52773.0,15541336.0
2017-03-07,6601903.0,29351.0,12678411.0
2017-03-06,6184240.0,2000.0,14422495.0
2017-03-03,7682988.0,1384.0,17657585.0
2017-03-02,7359569.0,31262.0,14410123.0
2017-03-01,27515757.0,71070.0,44775443.0
2017-02-28,11198166.0,89166.0,15774008.0
2017-02-27,6985114.0,35178.0,10187878.0
2017-02-24,9019795.0,66520.0,14151067.0
2017-02-23,9379441.0,32485.0,14373330.0
2017-02-22,6536222.0,10318.0,13574086.0
2017-02-17,9852858.0,33213.0,14730375.0
2017-02-16,9783557.0,25440.0,18580537.0
2017-02-15,12275197.0,5200.0,21508623.0
2017-02-14,8275433.0,59387.0,18396078.0
2017-02-13,7859082.0,75237.0,11349436.0
2017-02-10,10841963.0,67456.0,15002622.0
2017-02-09,9381158.0,57694.0,18881340.0
2017-02-08,6250385.0,12444.0,12003897.0
2017-02-07,10288321.0,8967.0,20684341.0
2017-02-06,5950177.0,9366.0,16862637.0
2017-02-03,12346991.0,13780.0,18014080.0
2017-02-02,10398508.0,7073.0,21348639.0
2017-02-01,7255429.0,3550.0,16587494.0
2017-01-31,5935137.0,3210.0,16697221.0
2017-01-30,9601178.0,41278.0,15664301.0
2017-01-27,7734597.0,10637.0,14626942.0
2017-01-26,10115342.0,53089.0,17213204.0
2017-01-25,10730292.0,34164.0,15773957.0
2017-01-24,12888119.0,14368.0,34860231.0
2017-01-23,11233865.0,12782.0,22177532.0
2017-01-20,18203071.0,4745.0,41681511.0
2017-01-19,11315200.0,700.0,18906386.0
2017-01-18,6688341.0,1687.0,11223440.0
2017-01-17,5318940.0,6656.0,14282646.0
2017-01-13,4787723.0,9344.0,11717793.0
2017-01-12,6859617.0,9961.0,16489029.0
2017-01-11,5419788.0,3038.0,14452116.0
2017-01-10,5894865.0,800.0,14909091.0
2017-01-09,5324274.0,887.0,13050022.0
2017-01-06,8758065.0,12789.0,18630932.0
2017-01-05,8132555.0,3003.0,22666652.0
2017-01-04,11731951.0,26894.0,24978986.0
2017-01-03,11132720.0,29281.0,21110871.0
2016-12-30,11503207.0,17521.0,19885438.0
2016-12-29,9908085.0,9647.0,15561676.0
2016-12-28,8744452.0,13421.0,15669098.0
2016-12-27,3870454.0,12861.0,10426296.0
2016-12-23,4046051.0,9546.0,8405625.0
2016-12-22,6868143.0,14903.0,13923895.0
2016-12-21,12006539.0,12353.0,23001227.0
2016-12-20,17786062.0,59181.0,39014105.0
2016-12-19,11347011.0,51476.0,33405127.0
2016-12-16,18767005.0,90615.0,65187940.0
2016-12-15,14547318.0,37355.0,34891272.0
2016-12-14,29435295.0,51149.0,40514051.0
2016-12-13,14602759.0,8648.0,39450450.0
2016-12-12,9412927.0,14204.0,23507301.0
2016-12-09,12040887.0,14879.0,23255343.0
2016-12-08,15913684.0,69091.0,24765276.0
2016-12-07,20189497.0,4298.0,28103605.0
2016-12-06,9740369.0,4244.0,15345364.0
2016-12-05,9487688.0,2834.0,17007488.0
2016-12-02,7737361.0,2094.0,17493889.0
2016-12-01,8756232.0,33097.0,17897916.0
2016-11-30,676130.0,0.0,1470201.0
2016-11-29,10630119.0,9315.0,21399902.0
2016-11-28,10450242.0,3038.0,19542988.0
2016-11-25,6196589.0,7687.0,12583280.0
2016-11-23,8555011.0,27409.0,13424126.0
2016-11-22,9805056.0,26251.0,16171515.0
2016-11-21,7938229.0,4838.0,15549706.0
2016-11-18,18419691.0,14143.0,32152435.0
2016-11-17,9416046.0,39055.0,17418585.0
2016-11-16,9529619.0,12291.0,17588194.0
2016-11-15,9364864.0,11673.0,22204960.0
2016-11-14,9759954.0,11607.0,18091700.0
2016-11-11,9988883.0,31471.0,20150487.0
2016-11-10,16848470.0,66143.0,28555163.0
2016-11-09,21474301.0,24688.0,44196339.0
2016-11-08,15402991.0,31756.0,22559951.0
2016-11-07,18413182.0,104376.0,26612584.0
2016-11-04,20374032.0,44308.0,28194041.0
2016-11-03,15812219.0,55953.0,22078676.0
2016-11-02,12800979.0,51870.0,22205557.0
2016-11-01,1865162.0,6515.0,3326807.0
2016-10-31,11095823.0,38898.0,13635802.0
2016-10-28,19744712.0,56397.0,32752639.0
2016-10-27,11140786.0,49271.0,18367693.0
2016-10-26,9827207.0,40746.0,16620844.0
2016-10-25,10018265.0,18312.0,15801999.0
2016-10-24,8842324.0,12393.0,15114936.0
2016-10-21,15235053.0,3331.0,35900079.0
2016-10-20,12083888.0,51691.0,17864075.0
2016-10-19,8366314.0,34014.0,12486418.0
2016-10-18,12391244.0,27795.0,19825332.0
2016-10-17,7775925.0,27958.0,10638495.0
2016-10-14,14198172.0,29427.0,20331068.0
2016-10-13,14303376.0,19702.0,22599775.0
2016-10-12,7097813.0,9281.0,15193979.0
2016-10-11,13880821.0,31557.0,32785802.0
2016-10-10,8687023.0,27926.0,13319784.0
2016-10-07,10097399.0,138638.0,15316135.0
2016-10-06,6377768.0,64354.0,10973198.0
2016-10-05,7863479.0,41207.0,15137727.0
2016-10-04,18660145.0,25142.0,39086527.0
2016-10-03,12903624.0,25527.0,26457253.0
2016-09-30,14811839.0,36827.0,24400376.0
2016-09-29,15304246.0,36855.0,23629329.0
2016-09-28,9593585.0,41333.0,22151618.0
2016-09-27,9108352.0,50503.0,18913854.0
2016-09-26,10672191.0,61136.0,19912416.0
2016-09-23,10888164.0,78826.0,17490593.0
2016-09-22,11989936.0,64053.0,17783432.0
2016-09-21,12364577.0,68320.0,22836481.0
2016-09-20,8891943.0,7151.0,20930540.0
2016-09-19,16710649.0,40167.0,22059259.0
2016-09-16,21361462.0,37210.0,57499665.0
2016-09-15,19577489.0,16708.0,38036366.0
2016-09-14,19919733.0,36378.0,34165322.0
2016-09-13,23359238.0,12148.0,47902587.0
2016-09-12,22156122.0,2484.0,42860041.0
2016-09-09,23970328.0,7152.0,52455397.0
2016-09-08,8543565.0,11757.0,17539912.0
2016-09-07,12531678.0,600.0,26248877.0
2016-09-06,6219473.0,4664.0,10759680.0
2016-09-02,8285464.0,3588.0,13348394.0
2016-09-01,1018713.0,0.0,2319051.0
2016-08-31,7675925.0,39108.0,16240996.0
2016-08-30,9470478.0,27265.0,13160298.0
2016-08-29,10630955.0,19450.0,18165938.0
2016-08-26,15237985.0,77080.0,25465159.0
2016-08-25,8474148.0,5350.0,18327084.0
2016-08-24,8692268.0,23036.0,18565887.0
2016-08-23,7254942.0,29429.0,12017342.0
2016-08-22,6217204.0,47822.0,15470487.0
2016-08-19,9765287.0,2590.0,19361923.0
2016-08-18,5774158.0,8492.0,11417878.0
2016-08-17,10267505.0,41445.0,15358193.0
2016-08-16,6066442.0,17618.0,9329483.0
2016-08-15,4490051.0,16697.0,9351685.0
2016-08-12,7163332.0,11833.0,11682856.0
2016-08-11,12494951.0,23448.0,21517113.0
2016-08-10,6610867.0,15923.0,10813254.0
2016-08-09,8447458.0,17797.0,12153696.0
2016-08-08,5886313.0,28696.0,8027445.0
2016-08-05,11221626.0,30024.0,17332382.0
2016-08-04,5779645.0,27530.0,8703166.0
2016-08-03,5640923.0,47979.0,9994178.0
2016-08-02,11144943.0,130818.0,24794944.0
2016-08-01,1260524.0,627.0,1980157.0
2016-07-29,9117797.0,49952.0,14666529.0
2016-07-28,7838260.0,28306.0,14004181.0
2016-07-27,8960176.0,17772.0,20190921.0
2016-07-26,8142804.0,37397.0,19032328.0
2016-07-25,5485427.0,34849.0,10789336.0
2016-07-22,6984054.0,44129.0,12627383.0
2016-07-21,11332561.0,17173.0,21474093.0
2016-07-20,6996938.0,59957.0,14108128.0
2016-07-19,4949231.0,27471.0,9984563.0
2016-07-18,5027053.0,62720.0,15060532.0
2016-07-15,14322698.0,46107.0,33347884.0
2016-07-14,10136638.0,25321.0,24279850.0
2016-07-13,12283473.0,79951.0,25386317.0
2016-07-12,13596198.0,21743.0,30070141.0
2016-07-11,11217545.0,14812.0,18113052.0
2016-07-08,20926410.0,48319.0,38913146.0
2016-07-07,9145899.0,87310.0,22198258.0
2016-07-06,9850184.0,31904.0,20762297.0
2016-07-05,13080459.0,109735.0,30510555.0
2016-07-01,1377193.0,0.0,2347240.0
2016-06-30,23387403.0,82708.0,38764843.0
2016-06-29,15775026.0,7688.0,31201563.0
2016-06-28,15866620.0,0.0,39272862.0
2016-06-27,19144902.0,15759.0,56298014.0
2016-06-24,32418271.0,20162.0,79177147.0
2016-06-23,11296854.0,71048.0,19592238.0
2016-06-22,15919647.0,23598.0,24744882.0
2016-06-21,8264906.0,11996.0,16670041.0
2016-06-20,12456746.0,11453.0,17927866.0
2016-06-17,22138755.0,19703.0,36376184.0
2016-06-16,27200594.0,8575.0,45121770.0
2016-06-15,11853149.0,9135.0,24285308.0
2016-06-14,16345740.0,73087.0,28352205.0
2016-06-13,16455086.0,35623.0,31039506.0
2016-06-10,12571355.0,7794.0,25959549.0
2016-06-09,9189112.0,21619.0,21083967.0
2016-06-08,8011974.0,19338.0,16305478.0
2016-06-07,8065125.0,27710.0,14166188.0
2016-06-06,10847036.0,66441.0,14652896.0
2016-06-03,11980208.0,42644.0,25114920.0
2016-06-02,7736272.0,26020.0,15327241.0
2016-06-01,1091329.0,700.0,1836742.0
2016-05-31,15472228.0,46049.0,25943703.0
2016-05-27,7109439.0,22297.0,13144196.0
2016-05-26,7925475.0,41407.0,14131532.0
2016-05-25,10873896.0,107071.0,22064879.0
2016-05-24,15313232.0,47504.0,25569023.0
2016-05-23,8357658.0,49196.0,14930526.0
2016-05-20,13919483.0,64082.0,26398266.0
2016-05-19,15202487.0,90371.0,29824399.0
2016-05-18,14127680.0,61535.0,26282608.0
2016-05-17,14742746.0,50226.0,27652778.0
2016-05-16,11266534.0,46496.0,15498291.0
2016-05-13,11643645.0,118404.0,23619124.0
2016-05-12,7433463.0,22588.0,17094195.0
2016-05-11,12605909.0,59895.0,21409659.0
2016-05-10,10762875.0,35220.0,14685179.0
2016-05-09,9527204.0,65738.0,17274667.0
2016-05-06,8290108.0,33728.0,16504510.0
2016-05-05,6352578.0,23033.0,14309854.0
2016-05-04,10679329.0,36717.0,21000807.0
2016-05-03,14010511.0,29298.0,32640219.0
2016-05-02,7125104.0,500.0,15120498.0
2016-04-29,14945088.0,80188.0,33927523.0
2016-04-28,11100631.0,63938.0,24197477.0
2016-04-27,8761625.0,53977.0,15327197.0
2016-04-26,15783216.0,47742.0,24914441.0
2016-04-25,7498301.0,62933.0,13214585.0
2016-04-22,10843040.0,19280.0,29314593.0
2016-04-21,12139648.0,71931.0,22445495.0
2016-04-20,14819580.0,93378.0,21846753.0
2016-04-19,11616852.0,42098.0,21149414.0
2016-04-18,13037866.0,24721.0,20082600.0
2016-04-15,11091976.0,53208.0,22033788.0
2016-04-14,8668944.0,59880.0,13417077.0
2016-04-13,11077388.0,66724.0,20981834.0
2016-04-12,13234880.0,100281.0,30192880.0
2016-04-11,11132454.0,81528.0,16284194.0
2016-04-08,11434950.0,71970.0,21688680.0
2016-04-07,11776841.0,75085.0,29358709.0
2016-04-06,9053156.0,32892.0,19207239.0
2016-04-05,16165030.0,70707.0,27089693.0
2016-04-04,8462438.0,31105.0,14266840.0
2016-04-01,1294363.0,0.0,2084699.0
2016-03-31,10394009.0,40008.0,23019825.0
2016-03-30,15809170.0,79318.0,21798678.0
2016-03-29,11339107.0,44174.0,20030214.0
2016-03-28,8395695.0,29700.0,12403552.0
2016-03-24,9610661.0,50966.0,17112832.0
2016-03-23,9020865.0,71538.0,17782968.0
2016-03-22,10813919.0,27845.0,22525687.0
2016-03-21,12641219.0,35900.0,20571364.0
2016-03-18,21861282.0,71204.0,37061205.0
2016-03-17,20116738.0,60651.0,36943514.0
2016-03-16,17233201.0,39971.0,29203910.0
2016-03-15,15939248.0,32091.0,24584581.0
2016-03-14,12546162.0,35904.0,17301567.0
2016-03-11,25407176.0,46549.0,39431797.0
2016-03-10,18886987.0,70427.0,32154175.0
2016-03-09,12224173.0,43560.0,20601440.0
2016-03-08,17695314.0,29144.0,28485260.0
2016-03-07,17766150.0,33998.0,23954669.0
2016-03-04,20597754.0,27382.0,29731878.0
2016-03-03,16731814.0,47527.0,28712763.0
2016-03-02,17835131.0,67545.0,23693583.0
2016-03-01,1681164.0,0.0,2682358.0
2016-02-29,19550337.0,73767.0,29935903.0
2016-02-26,22386203.0,89986.0,31476046.0
2016-02-25,16658274.0,107581.0,26796430.0
2016-02-24,17357116.0,116633.0,38458715.0
2016-02-23,13149742.0,102378.0,25081601.0
2016-02-22,12250579.0,64825.0,24228041.0
2016-02-19,18778995.0,70168.0,33675636.0
2016-02-18,13553623.0,49604.0,21704371.0
2016-02-17,20119635.0,68258.0,33871002.0
2016-02-16,14642119.0,47770.0,23217051.0
2016-02-12,14871910.0,43868.0,24115454.0
2016-02-11,21295109.0,19940.0,49220795.0
2016-02-10,16295539.0,29008.0,29778236.0
2016-02-09,20582211.0,34050.0,36307562.0
2016-02-08,23573559.0,62881.0,38928302.0
2016-02-05,22672526.0,73793.0,40560263.0
2016-02-04,14801279.0,44999.0,21101951.0
2016-02-03,21058454.0,67813.0,38642697.0
2016-02-02,28124003.0,49158.0,53159269.0
2016-02-01,1208577.0,0.0,2172897.0
2016-01-29,27052681.0,33229.0,43713785.0
2016-01-28,16475183.0,39161.0,26496032.0
2016-01-27,24187279.0,10754.0,39660925.0
2016-01-26,14435964.0,3361.0,31060824.0
2016-01-25,16039424.0,12926.0,29383734.0
2016-01-22,19774030.0,9567.0,35652136.0
2016-01-21,24885703.0,16668.0,43748597.0
2016-01-20,32429345.0,124165.0,58395318.0
2016-01-19,21702601.0,100768.0,35714042.0
2016-01-15,45471121.0,14745.0,82775820.0
2016-01-14,36975598.0,21487.0,56893428.0
2016-01-13,24714391.0,16591.0,43653359.0
2016-01-12,23313307.0,47252.0,36490196.0
2016-01-11,19773268.0,23778.0,33838567.0
2016-01-08,22302709.0,23285.0,38941324.0
2016-01-07,25992736.0,29632.0,46136900.0
2016-01-06,14846242.0,17097.0,28749147.0
2016-01-05,11261792.0,16604.0,20329215.0
2016-01-04,37227119.0,23511.0,72088662.0
2015-12-31,12996031.0,18070.0,21764930.0
2015-12-30,10064235.0,10589.0,18038765.0
2015-12-29,15208479.0,15560.0,25832297.0
2015-12-28,12096831.0,64048.0,19948575.0
2015-12-24,7186741.0,32829.0,15140220.0
2015-12-23,18157510.0,10844.0,31392964.0
2015-12-22,16483809.0,19545.0,22916141.0
2015-12-21,12630783.0,11659.0,20167700.0
2015-12-18,36190465.0,23109.0,67569381.0
2015-12-17,18412008.0,49320.0,41457093.0
2015-12-16,28564241.0,15574.0,50878852.0
2015-12-15,24065933.0,21997.0,42561272.0
2015-12-14,18565453.0,12822.0,37200352.0
2015-12-11,39995243.0,52063.0,54847233.0
2015-12-10,15517367.0,14438.0,27582838.0
2015-12-09,17206588.0,18530.0,32798494.0
2015-12-08,9340365.0,3050.0,22344317.0
2015-12-07,15012143.0,13334.0,27203750.0
2015-12-04,32783123.0,6881.0,49385285.0
2015-12-03,21694984.0,4754.0,38172905.0
2015-12-02,13051462.0,21460.0,24905081.0
2015-12-01,11831994.0,17694.0,21837920.0
2015-11-30,13590010.0,13740.0,21312677.0
2015-11-27,8097412.0,6334.0,11584596.0
2015-11-25,5109658.0,19084.0,11136791.0
2015-11-24,10188734.0,11439.0,17333361.0
2015-11-23,9161059.0,13238.0,15480806.0
2015-11-20,16268820.0,11757.0,23509732.0
2015-11-19,14611258.0,7768.0,21559182.0
2015-11-18,14694961.0,8743.0,21710462.0
2015-11-17,13465613.0,5042.0,22398023.0
2015-11-16,14153347.0,7940.0,21412930.0
2015-11-13,23412071.0,68124.0,37925042.0
2015-11-12,16239641.0,102214.0,27861697.0
2015-11-11,7653620.0,29644.0,12245897.0
2015-11-10,8108952.0,22992.0,12436110.0
2015-11-09,15637965.0,9533.0,35488486.0
2015-11-06,10183031.0,42271.0,16059900.0
2015-11-05,11995660.0,32012.0,18147146.0
2015-11-04,12210219.0,25360.0,23265315.0
2015-11-03,17163212.0,27063.0,30627209.0
2015-11-02,10334192.0,38816.0,16352764.0
2015-10-30,17839768.0,17292.0,28257879.0
2015-10-29,15120894.0,28839.0,22590135.0
2015-10-28,16154380.0,54062.0,27826236.0
2015-10-27,10162634.0,46173.0,16065896.0
2015-10-26,11075134.0,16119.0,16355023.0
2015-10-23,22806996.0,20679.0,34752016.0
2015-10-22,33797971.0,56089.0,48532947.0
2015-10-21,14979808.0,34346.0,21911669.0
2015-10-20,13733298.0,17716.0,19013493.0
2015-10-19,7481855.0,30654.0,14389579.0
2015-10-16,12313283.0,80290.0,23819408.0
2015-10-15,19032413.0,23874.0,30260438.0
2015-10-14,11663014.0,63522.0,18884801.0
2015-10-13,9609685.0,49453.0,14979474.0
2015-10-12,9714073.0,4690.0,14833797.0
2015-10-09,17187270.0,9727.0,24786437.0
2015-10-08,19957492.0,35717.0,31201128.0
2015-10-07,15250444.0,8661.0,23300781.0
2015-10-06,15354070.0,36674.0,25322799.0
2015-10-05,16276005.0,47752.0,22599147.0
2015-10-02,27897798.0,58775.0,36291357.0
2015-10-01,21949828.0,67874.0,29625156.0
2015-09-30,25745843.0,46560.0,35828631.0
2015-09-29,24196900.0,77777.0,34246610.0
2015-09-28,19935467.0,155116.0,33672327.0
2015-09-25,18117024.0,61084.0,29758084.0
2015-09-24,22311064.0,65028.0,31235273.0
2015-09-23,13075410.0,45987.0,24831695.0
2015-09-22,21906582.0,7353.0,40317425.0
2015-09-21,12623884.0,15595.0,22731986.0
2015-09-18,39106816.0,26979.0,73254248.0
2015-09-17,47116211.0,16182.0,77234301.0
2015-09-16,15938048.0,10627.0,25364723.0
2015-09-15,19339268.0,22008.0,32064892.0
2015-09-14,11190697.0,12506.0,19076713.0
2015-09-11,17613319.0,37005.0,28774013.0
2015-09-10,18452536.0,45776.0,34417054.0
2015-09-09,22893047.0,61835.0,40846192.0
2015-09-08,13975177.0,23243.0,22577827.0
2015-09-04,31521489.0,52679.0,59782688.0
2015-09-03,19270903.0,23652.0,36501159.0
2015-09-02,19221182.0,38302.0,34343041.0
2015-09-01,32851281.0,47528.0,80186050.0
2015-08-31,15547473.0,4006.0,34519967.0
2015-08-28,20936317.0,6887.0,32842041.0
2015-08-27,23054631.0,19272.0,43602592.0
2015-08-26,29364277.0,40863.0,71870109.0
2015-08-25,32213280.0,57640.0,81213389.0
2015-08-24,50247193.0,65990.0,107910718.0
2015-08-21,48794695.0,143952.0,84112250.0
2015-08-20,24837420.0,81581.0,42803927.0
2015-08-19,18137085.0,36467.0,34325906.0
2015-08-18,9753490.0,4757.0,13353235.0
2015-08-17,11434752.0,23358.0,14479642.0
2015-08-14,8249775.0,10005.0,10915124.0
2015-08-13,9482625.0,6273.0,15460214.0
2015-08-12,21560308.0,6238.0,44879696.0
2015-08-11,14780945.0,3428.0,28627628.0
2015-08-10,8378957.0,21650.0,11342430.0
2015-08-07,13908254.0,3050.0,24950666.0
2015-08-06,14716878.0,63324.0,20746503.0
2015-08-05,10656557.0,18591.0,17273676.0
2015-08-04,6358012.0,2033.0,10476867.0
2015-08-03,11922228.0,11904.0,21557699.0
2015-07-31,12235195.0,20480.0,19730688.0
2015-07-30,9067279.0,22890.0,17133238.0
2015-07-29,9900686.0,24568.0,15252706.0
2015-07-28,13678884.0,13633.0,25424076.0
2015-07-27,17251755.0,24368.0,25484566.0
2015-07-24,13515626.0,35336.0,20869695.0
2015-07-23,13787972.0,16254.0,18968016.0
2015-07-22,11421772.0,23268.0,16333411.0
2015-07-21,8539653.0,37296.0,13917827.0
2015-07-20,8311173.0,15207.0,12332479.0
2015-07-17,11909858.0,26526.0,26388569.0
2015-07-16,14655226.0,66886.0,27645207.0
2015-07-15,10141568.0,21492.0,18500112.0
2015-07-14,8841783.0,12374.0,14509814.0
2015-07-13,17283358.0,20211.0,26188010.0
2015-07-10,18089108.0,27472.0,31412702.0
2015-07-09,21821355.0,76857.0,36802983.0
2015-07-08,19289117.0,19166.0,34272287.0
2015-07-07,20566487.0,22876.0,32564544.0
2015-07-06,19321119.0,33999.0,27681038.0
2015-07-02,12921955.0,24487.0,23011730.0
2015-07-01,23420296.0,11648.0,39886053.0
2015-06-30,18654555.0,9040.0,33135243.0
2015-06-29,26680434.0,45700.0,46940191.0
2015-06-26,13006481.0,8841.0,17390874.0
2015-06-25,11219084.0,19508.0,19796585.0
2015-06-24,10410385.0,17270.0,19137749.0
2015-06-23,7850765.0,8958.0,13098312.0
2015-06-22,7328610.0,25723.0,12212949.0
2015-06-19,18778274.0,28027.0,30004306.0
2015-06-18,31507613.0,23852.0,46751182.0
2015-06-17,15996291.0,38458.0,36024760.0
2015-06-16,10100113.0,10728.0,23002337.0
2015-06-15,13317800.0,11187.0,31753829.0
2015-06-12,19317039.0,5619.0,44795814.0
2015-06-11,9146880.0,12801.0,13482291.0
2015-06-10,24890421.0,18862.0,35301489.0
2015-06-09,11092270.0,5855.0,22248965.0
2015-06-08,8572922.0,5802.0,14948915.0
2015-06-05,11777820.0,7528.0,23783890.0
2015-06-04,20723696.0,12550.0,41748701.0
2015-06-03,7871878.0,8399.0,15082801.0
2015-06-02,9177251.0,16926.0,13689777.0
2015-06-01,10325435.0,4914.0,16617342.0
2015-05-29,11893526.0,19881.0,22702405.0
2015-05-28,7449987.0,12414.0,15395532.0
2015-05-27,11699159.0,14808.0,17056265.0
2015-05-26,13270099.0,34328.0,35345611.0
2015-05-22,6957093.0,28515.0,10460133.0
2015-05-21,7265531.0,377.0,11670855.0
2015-05-20,10426745.0,6511.0,16194510.0
2015-05-19,11784629.0,10130.0,15064868.0
2015-05-18,9601154.0,1723.0,16940569.0
2015-05-15,11943694.0,8898.0,18633184.0
2015-05-14,15815482.0,14056.0,25098641.0
2015-05-13,8333661.0,16651.0,18082247.0
2015-05-12,16551676.0,3172.0,24118857.0
2015-05-11,11526533.0,5584.0,14678062.0
2015-05-08,26891938.0,16424.0,42847314.0
2015-05-07,10263004.0,2529.0,15124680.0
2015-05-06,18994083.0,12445.0,34196605.0
2015-05-05,15170781.0,11820.0,24949551.0
2015-05-04,10023531.0,51810.0,13859327.0
2015-05-01,11899691.0,10798.0,18568114.0
2015-04-30,21987322.0,6932.0,39165361.0
2015-04-29,16203481.0,9251.0,28623696.0
2015-04-28,12427560.0,5847.0,18851530.0
2015-04-27,9298670.0,26825.0,14610384.0
2015-04-24,5484064.0,9123.0,8602049.0
2015-04-23,12908281.0,13974.0,20225580.0
2015-04-22,8711660.0,0.0,18493744.0
2015-04-21,9797373.0,11002.0,16783064.0
2015-04-20,12915520.0,0.0,20298442.0
2015-04-17,27345951.0,26853.0,50166761.0
2015-04-16,8105757.0,2813.0,12915667.0
2015-04-15,13655146.0,18548.0,20105158.0
2015-04-14,9259303.0,15178.0,17715720.0
2015-04-13,8915370.0,11446.0,19511583.0
2015-04-10,8572903.0,7966.0,18779504.0
2015-04-09,9781320.0,4000.0,21220051.0
2015-04-08,10012157.0,13833.0,16410815.0
2015-04-07,11325512.0,13674.0,15671873.0
2015-04-06,15536732.0,4679.0,25874280.0
2015-04-02,7805165.0,505.0,12891914.0
2015-04-01,17374332.0,10544.0,27369177.0
2015-03-31,9946012.0,11735.0,17877821.0
2015-03-30,12787670.0,8959.0,18301726.0
2015-03-27,14148963.0,3795.0,21031112.0
2015-03-26,12517573.0,21754.0,32425208.0
2015-03-25,16308129.0,9266.0,33246450.0
2015-03-24,9146038.0,5989.0,14253878.0
2015-03-23,9229510.0,8928.0,11762236.0
2015-03-20,25395878.0,10742.0,50049927.0
2015-03-19,19484118.0,4026.0,28908425.0
2015-03-18,33878747.0,43095.0,54939038.0
2015-03-17,12164033.0,2066.0,18275787.0
2015-03-16,24714877.0,501619.0,37614426.0
2015-03-13,16135848.0,200.0,43439705.0
2015-03-12,11073814.0,1700.0,17208599.0
2015-03-11,10309713.0,4275.0,21020654.0
2015-03-10,15509816.0,4109.0,39596397.0
2015-03-09,7859356.0,7239.0,15874829.0
2015-03-06,18474895.0,1885.0,46897248.0
2015-03-05,8737839.0,0.0,16594703.0
2015-03-04,11722296.0,2500.0,27500856.0
2015-03-03,10961358.0,0.0,21881865.0
2015-03-02,6796414.0,3350.0,12498666.0
2015-02-27,8899415.0,392.0,19515354.0
2015-02-26,8219168.0,446.0,11981996.0
2015-02-25,8564240.0,485.0,13201579.0
2015-02-24,7185597.0,888.0,10653577.0
2015-02-23,7563172.0,0.0,16702260.0
2015-02-20,17711490.0,21821.0,30190487.0
2015-02-19,7831300.0,1929.0,21837218.0
2015-02-18,7885922.0,1901.0,13449797.0
2015-02-17,7773201.0,9207.0,11667290.0
2015-02-13,7865940.0,1053.0,14124413.0
2015-02-12,10261224.0,4248.0,15403854.0
2015-02-11,8088765.0,1784.0,14188865.0
2015-02-10,13657507.0,13995.0,25597555.0
2015-02-09,11537845.0,9827.0,18785802.0
2015-02-06,14725289.0,23397.0,21329713.0
2015-02-05,11116183.0,5800.0,16542217.0
2015-02-04,9600586.0,26337.0,19153957.0
2015-02-03,15085314.0,22402.0,21982781.0
2015-02-02,18556592.0,22945.0,36951090.0
2015-01-30,15850041.0,29875.0,36983998.0
2015-01-29,13987788.0,27820.0,25938848.0
2015-01-28,13974926.0,30249.0,30704276.0
2015-01-27,9961803.0,28914.0,21287157.0
2015-01-26,6690405.0,19013.0,13109926.0
2015-01-23,10527038.0,20604.0,20213512.0
2015-01-22,13078635.0,3400.0,25206844.0
2015-01-21,9351162.0,14600.0,15345170.0
2015-01-20,16617510.0,18121.0,29771121.0
2015-01-16,15069721.0,58762.0,51650525.0
2015-01-15,21356783.0,71035.0,37611184.0
2015-01-14,18067880.0,70496.0,42523083.0
2015-01-13,19019038.0,102773.0,49879940.0
2015-01-12,8814287.0,21902.0,28142345.0
2015-01-09,16728203.0,35941.0,29387928.0
2015-01-08,22196292.0,46788.0,33894668.0
2015-01-07,9149630.0,88484.0,19780114.0
2015-01-06,15867286.0,56075.0,43847733.0
2015-01-05,11514235.0,68960.0,37361167.0
2015-01-02,9007747.0,11405.0,21480790.0
2014-12-31,9604722.0,72215.0,21515237.0
2014-12-30,10076984.0,20029.0,18667613.0
2014-12-29,8464706.0,1909.0,20833456.0
2014-12-26,5166899.0,7726.0,10032950.0
2014-12-24,4364527.0,1300.0,8128977.0
2014-12-23,20684027.0,5131.0,34675479.0
2014-12-22,15447452.0,9291.0,27897744.0
2014-12-19,28169005.0,27305.0,66202347.0
2014-12-18,31649089.0,10027.0,57737177.0
2014-12-17,34400404.0,7349.0,54053971.0
2014-12-16,23473998.0,13254.0,48269973.0
2014-12-15,15467650.0,5250.0,27570270.0
2014-12-12,15054856.0,2700.0,36189517.0
2014-12-11,16690508.0,200.0,36730396.0
2014-12-10,13067441.0,3000.0,33107980.0
2014-12-09,15068322.0,2211.0,24877939.0
2014-12-08,7954047.0,620.0,15846047.0
2014-12-05,8744065.0,0.0,16414124.0
2014-12-04,7104087.0,1500.0,14232333.0
2014-12-03,7856468.0,904.0,12468927.0
2014-12-02,8924591.0,8023.0,14831575.0
2014-12-01,11475590.0,2877.0,20903458.0
2014-11-28,7286733.0,40146.0,14648827.0
2014-11-26,5003535.0,14140.0,11126079.0
2014-11-25,9717538.0,0.0,17007024.0
2014-11-24,7801797.0,0.0,13578045.0
2014-11-21,19502574.0,4.0,40301818.0
2014-11-20,5897693.0,1400.0,11285389.0
2014-11-19,11234619.0,0.0,17366643.0
2014-11-18,8610646.0,0.0,14290510.0
2014-11-17,6457940.0,0.0,10293680.0
2014-11-14,7966300.0,4556.0,14081320.0
2014-11-13,8299572.0,2100.0,13716354.0
2014-11-12,11741570.0,0.0,25104864.0
2014-11-11,4564892.0,0.0,9609487.0
2014-11-10,6097389.0,0.0,9916902.0
2014-11-07,8028509.0,0.0,13126693.0
2014-11-06,14792804.0,305.0,23324058.0
2014-11-05,9768681.0,0.0,16398474.0
2014-11-04,9423069.0,6301.0,15727928.0
2014-11-03,9501165.0,5500.0,15954668.0
2014-10-31,15091870.0,1510.0,27160870.0
2014-10-30,11437513.0,1812.0,19860975.0
2014-10-29,13847922.0,1900.0,22842621.0
2014-10-28,9726317.0,0.0,15661773.0
2014-10-27,6984974.0,0.0,12063297.0
2014-10-24,8630297.0,0.0,14390527.0
2014-10-23,15425947.0,100.0,32546831.0
2014-10-22,13465284.0,1700.0,24645358.0
2014-10-21,14272974.0,2553.0,25633203.0
2014-10-20,13447635.0,1800.0,25353297.0
2014-10-17,24341146.0,2481.0,41471522.0
2014-10-16,27262623.0,11644.0,43769572.0
2014-10-15,31315936.0,11777.0,77354273.0
2014-10-14,21079566.0,11958.0,33435397.0
2014-10-13,23343345.0,7306.0,36821225.0
2014-10-10,21940428.0,7778.0,33054346.0
2014-10-09,17934443.0,10800.0,36436615.0
2014-10-08,18241722.0,5434.0,26804100.0
2014-10-07,12408249.0,2151.0,29687974.0
2014-10-06,9341327.0,1000.0,18173837.0
2014-10-03,13241887.0,900.0,18830109.0
2014-10-02,15819149.0,8123.0,25316332.0
2014-10-01,21127021.0,10654.0,28928405.0
2014-09-30,14875823.0,3698.0,20795010.0
2014-09-29,10166388.0,3901.0,19222352.0
2014-09-26,9816776.0,8239.0,15948476.0
2014-09-25,13310067.0,11792.0,27363017.0
2014-09-24,15166147.0,2037.0,24634749.0
2014-09-23,12184190.0,1350.0,18524695.0
2014-09-22,13050506.0,3673.0,20181129.0
2014-09-19,15450056.0,5861.0,26540221.0
2014-09-18,8452414.0,200.0,18590975.0
2014-09-17,13379042.0,5900.0,28238872.0
2014-09-16,24671391.0,4400.0,31908078.0
2014-09-15,9605764.0,9103.0,18831759.0
2014-09-12,9694484.0,0.0,25674352.0
2014-09-11,7183892.0,1800.0,11125917.0
2014-09-10,7201134.0,3972.0,12147584.0
2014-09-09,11415191.0,6450.0,19188121.0
2014-09-08,7039144.0,1508.0,13830225.0
2014-09-05,14477287.0,13901.0,22688905.0
2014-09-04,7544748.0,12386.0,11563827.0
2014-09-03,5299287.0,1415.0,9900037.0
2014-09-02,6271511.0,9280.0,15104776.0
2014-08-29,6397816.0,3030.0,9188116.0
2014-08-28,6205570.0,209.0,10919164.0
2014-08-27,5522461.0,151.0,9237870.0
2014-08-26,5321658.0,483.0,8091977.0
2014-08-25,10793532.0,767.0,19897644.0
2014-08-22,8946091.0,933.0,14237984.0
2014-08-21,9168849.0,5700.0,13820067.0
2014-08-20,9475560.0,400.0,14000316.0
2014-08-19,5217720.0,3647.0,10929806.0
2014-08-18,7357711.0,100.0,12450991.0
2014-08-15,17220100.0,6503.0,29695384.0
2014-08-14,5923473.0,1900.0,9853287.0
2014-08-13,6650414.0,2120.0,12527550.0
2014-08-12,6934592.0,1600.0,13730825.0
2014-08-11,8934034.0,0.0,14535889.0
2014-08-08,16894232.0,4132.0,22167867.0
2014-08-07,20210941.0,2594.0,29900824.0
2014-08-06,9474611.0,2735.0,14105049.0
2014-08-05,13205803.0,3702.0,31921775.0
2014-08-04,10701810.0,2080.0,15270045.0
2014-08-01,17372492.0,6596.0,27975588.0
2014-07-31,13476530.0,1228.0,30985455.0
2014-07-30,9054955.0,2950.0,18359031.0
2014-07-29,7191148.0,200.0,12299482.0
2014-07-28,7960658.0,4530.0,14766029.0
2014-07-25,6615695.0,2082.0,11302029.0
2014-07-24,5485401.0,5350.0,9186128.0
2014-07-23,7120150.0,2000.0,11263752.0
2014-07-22,7917374.0,1113.0,16908367.0
2014-07-21,5654413.0,5179.0,11918709.0
2014-07-18,14160033.0,2500.0,38091124.0
2014-07-17,12703287.0,5785.0,20497283.0
2014-07-16,7323387.0,1725.0,10683628.0
2014-07-15,8732883.0,2190.0,19660189.0
2014-07-14,3679416.0,1569.0,12666636.0
2014-07-11,5556282.0,845.0,9981879.0
2014-07-10,10559851.0,8928.0,18559676.0
2014-07-09,5600845.0,1104.0,8952184.0
2014-07-08,10665106.0,6601.0,17436577.0
2014-07-07,5881335.0,403.0,9345394.0
2014-07-03,5385460.0,1400.0,11413147.0
2014-07-02,3749525.0,4400.0,6655134.0
2014-07-01,8874534.0,7864.0,15202128.0
2014-06-30,4184929.0,200.0,13130123.0
2014-06-27,6200687.0,2400.0,9186597.0
2014-06-26,6316572.0,4014.0,13144605.0
2014-06-25,8661243.0,8943.0,15741207.0
2014-06-24,9365629.0,6201.0,16146621.0
2014-06-23,4644732.0,834.0,9046692.0
2014-06-20,9201160.0,4409.0,21355225.0
2014-06-19,8693016.0,1700.0,20478566.0
2014-06-18,9729070.0,2892.0,23176524.0
2014-06-17,8104103.0,2754.0,20077968.0
2014-06-16,8716241.0,3217.0,21843904.0
2014-06-13,9629059.0,1525.0,15767626.0
2014-06-12,9451518.0,8796.0,20795318.0
2014-06-11,6488656.0,671.0,17494213.0
2014-06-10,9351023.0,3039.0,16240495.0
2014-06-09,10692834.0,3085.0,15615417.0
2014-06-06,7658533.0,1400.0,13091214.0
2014-06-05,9057553.0,700.0,14925025.0
2014-06-04,4962762.0,104.0,13452216.0
2014-06-03,6799946.0,40.0,14214210.0
2014-06-02,6320618.0,9975.0,12271454.0
2014-05-30,9204774.0,804.0,13658154.0
2014-05-29,7662934.0,3350.0,12536790.0
2014-05-28,8289174.0,2197.0,15343883.0
2014-05-27,6712114.0,1086.0,10477955.0
2014-05-23,5085915.0,850.0,8150097.0
2014-05-22,6066575.0,10170.0,12653812.0
2014-05-21,9369018.0,4219.0,14147058.0
2014-05-20,10451307.0,500.0,18686830.0
2014-05-19,5772251.0,2200.0,11988861.0
2014-05-16,9646256.0,3325.0,17176261.0
2014-05-15,13210337.0,2320.0,32316933.0
2014-05-14,5949663.0,3000.0,14008261.0
2014-05-13,5336037.0,398.0,10873299.0
2014-05-12,7330910.0,0.0,15926492.0
2014-05-09,8668481.0,4000.0,13647339.0
2014-05-08,11419809.0,6800.0,15525382.0
2014-05-07,12197499.0,2650.0,18173325.0
2014-05-06,8196163.0,700.0,17127805.0
2014-05-05,6717614.0,5500.0,10479708.0
2014-05-02,7528186.0,19199.0,14887735.0
2014-05-01,7178298.0,244.0,16585983.0
2014-04-30,7635016.0,5149.0,12971145.0
2014-04-29,7140647.0,1976.0,11036085.0
2014-04-28,16527876.0,7400.0,22102936.0
2014-04-25,11902467.0,2250.0,17876549.0
2014-04-24,10245546.0,12198.0,15146858.0
2014-04-23,7696061.0,6300.0,11785799.0
2014-04-22,7655793.0,5650.0,14714689.0
2014-04-21,5684990.0,1140.0,10502598.0
2014-04-17,15135767.0,1200.0,23496523.0
2014-04-16,12201589.0,1325.0,18057091.0
2014-04-15,18973737.0,1916.0,30284231.0
2014-04-14,13373803.0,3926.0,27344453.0
2014-04-11,13919434.0,4993.0,24990080.0
2014-04-10,16168460.0,0.0,34389436.0
2014-04-09,9989108.0,2600.0,19887968.0
2014-04-08,12761615.0,6937.0,18991239.0
2014-04-07,17467472.0,850.0,25330039.0
2014-04-04,17734708.0,10700.0,30001039.0
2014-04-03,7728963.0,5777.0,14997827.0
2014-04-02,6872561.0,4700.0,14760560.0
2014-04-01,11144079.0,779.0,18889985.0
2014-03-31,8908696.0,410.0,16071144.0
2014-03-28,8629605.0,192.0,19418602.0
2014-03-27,12652216.0,1800.0,25749814.0
2014-03-26,9638753.0,2050.0,18209967.0
2014-03-25,7501569.0,5325.0,16949401.0
2014-03-24,9714752.0,2150.0,17207372.0
2014-03-21,10627617.0,5799.0,30431099.0
2014-03-20,9562594.0,30.0,22814263.0
2014-03-19,12948112.0,700.0,46145971.0
2014-03-18,13692105.0,4229.0,19861614.0
2014-03-17,8568874.0,3900.0,13804573.0
2014-03-14,12963060.0,2320.0,21734028.0
2014-03-13,13688064.0,4100.0,25977743.0
2014-03-12,11323663.0,700.0,17529464.0
2014-03-11,9110607.0,1700.0,15503706.0
2014-03-10,6366395.0,100.0,12212439.0
2014-03-07,7914137.0,100.0,14445977.0
2014-03-06,7125844.0,3000.0,12324494.0
2014-03-05,5748324.0,7900.0,13838890.0
2014-03-04,11542275.0,6400.0,23147729.0
2014-03-03,15072241.0,3800.0,28099136.0
2014-02-28,13016900.0,23000.0,23357342.0
2014-02-27,6083314.0,11400.0,13044468.0
2014-02-26,7041247.0,2100.0,12540830.0
2014-02-25,7849142.0,5400.0,16785457.0
2014-02-24,10444325.0,2900.0,18419678.0
2014-02-21,14422823.0,2600.0,34262118.0
2014-02-20,9227575.0,0.0,18292350.0
2014-02-19,11638369.0,3066.0,23083611.0
2014-02-18,5704575.0,2100.0,17030467.0
2014-02-14,7398582.0,2564.0,17869923.0
2014-02-13,6307676.0,200.0,12032909.0
2014-02-12,9444628.0,4700.0,16706184.0
2014-02-11,10757308.0,3300.0,19859719.0
2014-02-10,9055240.0,8100.0,18347209.0
2014-02-07,15469589.0,8270.0,24963569.0
2014-02-06,12200223.0,5600.0,27739276.0
2014-02-05,14180268.0,8500.0,29754976.0
2014-02-04,13495377.0,6300.0,27269538.0
2014-02-03,21640410.0,21300.0,38917321.0
2014-01-31,15600690.0,7900.0,38556770.0
2014-01-30,12095325.0,6100.0,18236974.0
2014-01-29,14793904.0,0.0,36102548.0
2014-01-28,10617241.0,1413.0,18828134.0
2014-01-27,15660045.0,23900.0,25785989.0
2014-01-24,18406484.0,2600.0,36028485.0
2014-01-23,12136364.0,5600.0,31753503.0
2014-01-22,3570129.0,7500.0,8367408.0
2014-01-21,10467392.0,5303.0,17158517.0
2014-01-17,8262174.0,1300.0,25554283.0
2014-01-16,6865603.0,6000.0,15781120.0
2014-01-15,12744309.0,336.0,20661668.0
2014-01-14,8329674.0,3800.0,16335319.0
2014-01-13,10908570.0,2200.0,25696905.0
2014-01-10,7915833.0,1000.0,14237548.0
2014-01-09,7171179.0,1400.0,16990000.0
2014-01-08,8018433.0,2800.0,20641990.0
2014-01-07,5325159.0,4300.0,16810948.0
2014-01-06,9796816.0,1600.0,25352362.0
2014-01-03,10809076.0,8503.0,18808505.0
2014-01-02,8929701.0,2000.0,35795762.0
2013-12-31,6358657.0,2000.0,16028220.0
2013-12-30,5060259.0,3321.0,13049588.0
2013-12-27,8021341.0,15900.0,15002835.0
2013-12-26,6766429.0,3400.0,14441990.0
2013-12-24,3614846.0,900.0,16521445.0
2013-12-23,7738738.0,1000.0,13613051.0
2013-12-20,17630638.0,3475.0,36869241.0
2013-12-19,21565630.0,2800.0,31788540.0
2013-12-18,26487359.0,1600.0,47422481.0
2013-12-17,7748308.0,8192.0,19783201.0
2013-12-16,7805528.0,4070.0,13434698.0
2013-12-13,8370876.0,2600.0,14948776.0
2013-12-12,7615642.0,6332.0,14766702.0
2013-12-11,8742016.0,6177.0,22377455.0
2013-12-10,6157861.0,4400.0,11826378.0
2013-12-09,8457501.0,0.0,12439253.0
2013-12-06,18054362.0,0.0,23661287.0
2013-12-05,7275722.0,0.0,15670683.0
2013-12-04,10293979.0,3300.0,17407541.0
2013-12-03,11363522.0,650.0,22909468.0
2013-12-02,10239819.0,501067.0,18119072.0
2013-11-29,1853039.0,220.0,3274473.0
2013-11-27,7603046.0,2800.0,12627795.0
2013-11-26,10732253.0,12100.0,18136383.0
2013-11-25,5363057.0,2439.0,17600724.0
2013-11-22,9249904.0,2995.0,14762336.0
2013-11-21,7870937.0,3300.0,12426360.0
2013-11-20,10634106.0,6595.0,17221833.0
2013-11-19,9871359.0,3222.0,18087764.0
2013-11-18,9836742.0,10932.0,17691589.0
2013-11-15,10369052.0,4931.0,31520489.0
2013-11-14,14187952.0,9405.0,22814897.0
2013-11-13,8049257.0,6700.0,13711992.0
2013-11-12,6380957.0,6219.0,12177862.0
2013-11-11,6137645.0,7491.0,11456002.0
2013-11-08,12783234.0,3193.0,19658088.0
2013-11-07,14890583.0,9984.0,22869664.0
2013-11-06,9262120.0,5962.0,15083066.0
2013-11-05,6705372.0,4127.0,14968359.0
2013-11-04,12425746.0,9656.0,23943083.0
2013-11-01,9190941.0,1000.0,16898761.0
2013-10-31,15784855.0,400.0,23705377.0
2013-10-30,15433768.0,3058.0,24194607.0
2013-10-29,8676443.0,6342.0,14740472.0
2013-10-28,6270721.0,1985.0,15005637.0
2013-10-25,7269464.0,1500.0,11549992.0
2013-10-24,6514205.0,0.0,10398017.0
2013-10-23,8186155.0,0.0,14714181.0
2013-10-22,11691342.0,2660.0,21131107.0
2013-10-21,11257228.0,2115.0,28659125.0
2013-10-18,10932267.0,700.0,25694550.0
2013-10-17,13130349.0,800.0,20554886.0
2013-10-16,13392533.0,10493.0,23475865.0
2013-10-15,12231024.0,6305.0,25400886.0
2013-10-14,8096434.0,2200.0,15653382.0
2013-10-11,8100965.0,500.0,15762454.0
2013-10-10,17379975.0,1439.0,31444939.0
2013-10-09,14834368.0,5226.0,24953245.0
2013-10-08,13640229.0,19804.0,28137034.0
2013-10-07,8077179.0,2528.0,14317431.0
2013-10-04,9187891.0,0.0,14777134.0
2013-10-03,12759684.0,6969.0,26883130.0
2013-10-02,6048360.0,2008.0,16632106.0
2013-10-01,11151328.0,2494.0,23981424.0
2013-09-30,11643913.0,3396.0,19909270.0
2013-09-27,7593765.0,2900.0,14763203.0
2013-09-26,6567409.0,0.0,12479596.0
2013-09-25,8410291.0,4385.0,16436588.0
2013-09-24,10774421.0,900.0,19811898.0
2013-09-23,14244388.0,22685.0,22472012.0
2013-09-20,13357519.0,2421.0,19186479.0
2013-09-19,19882216.0,2000.0,37980435.0
2013-09-18,25012724.0,2332.0,35814922.0
2013-09-17,8073426.0,3116.0,17762075.0
2013-09-16,9895324.0,1500.0,24245347.0
2013-09-13,6679908.0,800.0,10980596.0
2013-09-12,8514200.0,204.0,16796492.0
2013-09-11,7545515.0,700.0,15889324.0
2013-09-10,8953968.0,4821.0,13876550.0
2013-09-09,7308766.0,2678.0,11860696.0
2013-09-06,14076929.0,5153.0,22946482.0
2013-09-05,6757858.0,11176.0,10380303.0
2013-09-04,10643799.0,400.0,14546863.0
2013-09-03,12655359.0,2845.0,21238947.0
2013-08-30,9851972.0,8566.0,19886077.0
2013-08-29,8354760.0,7000.0,18991719.0
2013-08-28,8496847.0,10304.0,15015502.0
2013-08-27,13256555.0,1000.0,26053934.0
2013-08-26,8012358.0,6200.0,15621602.0
2013-08-23,6508429.0,0.0,15790902.0
2013-08-22,10001346.0,6500.0,18244953.0
2013-08-21,12468022.0,9999.0,27899323.0
2013-08-20,9189818.0,100.0,15588420.0
2013-08-19,9272244.0,1251.0,21941147.0
2013-08-16,16690117.0,4043.0,22859962.0
2013-08-15,13562355.0,3533.0,24075148.0
2013-08-14,9228425.0,13341.0,14767260.0
2013-08-13,6366468.0,500.0,13859217.0
2013-08-12,8175800.0,3800.0,14006887.0
2013-08-09,7372898.0,937.0,14287509.0
2013-08-08,10167730.0,3300.0,22568482.0
2013-08-07,7096350.0,5252.0,14359201.0
2013-08-06,7677446.0,1400.0,15326844.0
2013-08-05,3081196.0,0.0,9628215.0
2013-08-02,6173374.0,0.0,12265291.0
2013-08-01,10439718.0,4986.0,15772680.0
2013-07-31,9205824.0,3900.0,19854082.0
2013-07-30,7219217.0,100.0,12784394.0
2013-07-29,5940531.0,200.0,13399803.0
2013-07-26,6402033.0,2710.0,14375313.0
2013-07-25,8086021.0,700.0,15978898.0
2013-07-24,9309325.0,892.0,18806235.0
2013-07-23,5952281.0,2950.0,13480897.0
2013-07-22,5742166.0,2700.0,12649997.0
2013-07-19,11672171.0,900.0,18399803.0
2013-07-18,9603944.0,400.0,19374841.0
2013-07-17,8783473.0,4127.0,16485056.0
2013-07-16,6656025.0,3800.0,18292989.0
2013-07-15,4622081.0,400.0,11302346.0
2013-07-12,6441343.0,0.0,15573496.0
2013-07-11,12009052.0,2036.0,25271386.0
2013-07-10,7976997.0,1449.0,17659355.0
2013-07-09,11777864.0,2043.0,20476238.0
2013-07-08,8922552.0,1160.0,16014366.0
2013-07-05,12037029.0,4231.0,20815208.0
2013-07-03,7272088.0,0.0,14187542.0
2013-07-02,9053465.0,0.0,22184575.0
2013-07-01,8989263.0,800.0,18709466.0
2013-06-28,11667648.0,1194.0,25322588.0
2013-06-27,11805349.0,100.0,21659559.0
2013-06-26,10929589.0,0.0,21582442.0
2013-06-25,12130886.0,2000.0,30714358.0
2013-06-24,19183319.0,800.0,38789530.0
2013-06-21,19466227.0,1524110.0,44692059.0
2013-06-20,31248902.0,518.0,56140352.0
2013-06-19,20534596.0,1390.0,36677357.0
2013-06-18,11936116.0,6200.0,22222033.0
2013-06-17,10995244.0,3840.0,22856705.0
2013-06-14,9034162.0,723.0,20967816.0
2013-06-13,13557375.0,0.0,27553891.0
2013-06-12,14201880.0,2636.0,30923649.0
2013-06-11,12647558.0,100.0,24868306.0
2013-06-10,8337319.0,0.0,15358973.0
2013-06-07,13124639.0,835.0,27319804.0
2013-06-06,19253379.0,1060.0,36350491.0
2013-06-05,25920480.0,401.0,42324706.0
2013-06-04,18008692.0,7800.0,31788647.0
2013-06-03,16710539.0,10200.0,28849217.0
2013-05-31,14902900.0,600.0,27029422.0
2013-05-30,10899296.0,200.0,20700204.0
2013-05-29,16150236.0,0.0,30395640.0
2013-05-28,13686124.0,4818.0,26896065.0
2013-05-24,13057931.0,500.0,29701611.0
2013-05-23,26036511.0,1300.0,43269549.0
2013-05-22,32604542.0,5765.0,52905485.0
2013-05-21,9525988.0,7532.0,18501145.0
2013-05-20,11325641.0,400.0,17171579.0
2013-05-17,14728063.0,0.0,23211667.0
2013-05-16,11511061.0,0.0,20677206.0
2013-05-15,14360772.0,0.0,25150237.0
2013-05-14,10876176.0,500.0,18917762.0
2013-05-13,8932870.0,0.0,17879660.0
2013-05-10,13120121.0,2400.0,21925818.0
2013-05-09,10860679.0,0.0,17957678.0
2013-05-08,10779222.0,100.0,16049277.0
2013-05-07,10766537.0,800.0,18490336.0
2013-05-06,7179267.0,2900.0,12474896.0
2013-05-03,14709043.0,0.0,25077743.0
2013-05-02,12224591.0,100.0,19191072.0
2013-05-01,12438556.0,200.0,23303267.0
2013-04-30,13666248.0,0.0,25588367.0
2013-04-29,12509044.0,0.0,19682709.0
2013-04-26,11390801.0,500.0,16565074.0
2013-04-25,14135747.0,200.0,24159983.0
2013-04-24,9663282.0,200.0,16189237.0
2013-04-23,12339602.0,0.0,26170957.0
2013-04-22,8965123.0,0.0,16297580.0
2013-04-19,18468399.0,2997.0,30068678.0
2013-04-18,15074897.0,4778.0,33224703.0
2013-04-17,21474765.0,0.0,45528869.0
2013-04-16,10257083.0,0.0,24071632.0
2013-04-15,18443706.0,5400.0,34487874.0
2013-04-12,13039706.0,4254.0,21195933.0
2013-04-11,12680276.0,1370.0,20831506.0
2013-04-10,16417585.0,3300.0,27451656.0
2013-04-09,13112844.0,1700.0,21398638.0
2013-04-08,9795727.0,2200.0,17373897.0
2013-04-05,14361164.0,0.0,28150360.0
2013-04-04,12955093.0,7586.0,19966113.0
2013-04-03,18963769.0,13418.0,28373894.0
2013-04-02,11594335.0,6600.0,20941375.0
2013-04-01,8999083.0,3500.0,19236479.0
